uid,qrcode
PQZ3V8V10K7,YWH4DRCYHW
4JM0JAYTPP,4N79RO5RFH
PGSQ3CLSM7,XUH10J066HT
42K4DV710VJ,X5SO0X10O9O
P77FPJ0LOG,8ZB3O22WOQ
2S7M85WJTP,KG061BCOT2
FC8W1U1FF6,XY2PUQQG1C
AC9Q17JM4P,F7TE0TTHGB
XH6933QZAK,ZG2UMN5ZC3
0FI2TIKP7A,39QZ6LCXTM
WVOI5CPS2G,TK61ZAXQ8Q
GLES4D393B,OO0TNTA4I8
4ECYBILNHH,WZ5D3A110II
YSXQ90GCGM,HWMVA599L4
SWO6MOMKG1,JIEJJ0LASA
I6W96HHA3R,GNRO2WHWRX
VJ1R9VD6M8,FREPXKDD2A
4ATSCSX1EO,O1U1ZMET71
F02IO7MLJF,IBNBHV10IMF
HPW6VNXY32,LQ1EIR2BP10
BWRBGBKMB7,W89RHQXMYS
5LP55N74YG,90FXU59KHI
2YNIDM7P5M,Z9C14LQ26P
RDTRX0P3UE,Q4SUIRJ1CR
10010L4WCTJW,59KC4LCR5U
APJOK5W0UW,I636CPW10QS
HDOJUZPUGQ,VS2SNHWMR5
T6C4E2NJ7L,O25YQ3DLEX
0CGUK3TMHY,U8RN1GW6GB
GQS580I10KX,511YHLOTWV
CA2IM6U0YT,C74XJH58YZ
B2PRL78PW7,J3SEG2YSC10
EXDUQK7XID,VIC86W5MGJ
VNSG3N2QKS,CEWGG2JALK
2U2FCHBXLR,GEJHDQ3LZH
HTGO2ANH6E,JTNU41PV9R
OMJG3N5B18,B542KBOJ19
MM9SUXC31U,1LCYBQ9UKO
K5SDHKUG2U,UQ9QLMGCRR
EEYQOWKQSF,10152996678
2DTKMZ4WS1,0102ZPUH1EZ
MHYKCSA50L,F1URRSBSTB
7GWLZDXNG3,0X7XB3S53R
BEPX9FZ0AX,W2QQOQ4JX10
58QDZ2T6CG,HQV3ZCB3Y6
HLT2R10OFQ6,ACQ4CHU784
P45MOR2DDK,5K10D7U6E8I
KO0N6SQL45,0O6PGQX8GD
ELCYDPZBD4,J3C5KX38KV
GYVXKF3K2K,H10DOU3D0SU
00NI3OKW3W,XI1JYROX1X
WJJF0RJ6410,DD6BNJAHKY
GV3M09MO1X,100RHHACB210
JLR7GYL0WS,10QU7I05RG0
V60U6QB8A4,PWC0IW82KT
KUN9RW6EJ9,10VOVOE04P1
82IJ9QRU52,J57VFUYDHV
47V3S9FM6T,CZG14M9FW4
T8D96JIOFF,76W8ZLRPF8
1M5QUA7ZJH,F6EC2L6M68
9OPZBHNS4R,6VHR10OM69T
NEB2E38WMA,PUNKUGHMG5
J5HXG810H6Q,Z8617N65NC
I5QSEY7HDY,K87I6U6GG9
FLOO4J10NJE,R8QG51050EP
WKLQRAOM1D,6NWIZMA81O
DEYDXTG52L,XC8IZITCJ0
BA2HQGS7P1,XP514TIG5A
73AXZXB9QG,ER75S10NF0C
O2EENE1KTZ,YWD4PLTV4Y
PNH2VRZ8MQ,T5Q810Q3VEU
37D1HFQXP10,DB6P8EXAQF
C8NUU4BE8Q,ENLZJ7KVDM
NKPBSY4VYM,WNRTQAHOTF
HCZH2YSRQ10,650ICZWYQT
7HB10UOD10UK,TP9C40UCPD
6PJ101EFI6Y,DUGKF4Z0D0
BGCIR5K2MR,KV65GOY9E7
HNVRE8HZ1B,KFELBZEHHF
6C5XNFQXZ4,T10DCCIL7OO
VIKNZ7SGNX,9IIQ8ZNKBV
8KHI8QX89Z,8M3Q7343VS
0374X5BCXM,10Z8OLR8IR5
OC0IWYU3AT,69TDE10YDSC
AJEXBI74EV,6F0596PVOB
OPZZ2URZV9,ZEG0ZK9VSB
9OQL1QUG27,0TAX2JYZV5
VNF10BCVS10Y,4BWU9N10I6G
6F4LVC5QJS,ARD27YH0I6
46KV1010DNB,A7V84JU5UI
ND2LXVSMT4,E103109L3C76
FGZHEITPQW,K100RKNOQE5
CA1R6Z10C60,WKW3MAH0KV
XHG6I6ASPS,Z3I4K0ZU7F
7HD98FCS8V,Y510IXK2KYU
VRPAFJSQUC,3RJY9G3BLZ
H63ZO6OM4L,W77XZTYPE2
OZTC6IUQ56,QN6H5N71TP
NA7ROOFV3E,6LF2FCPW4N
717F6HPWFM,810JQK82E10E
ASQWOXGOGV,6KH0YI5X710
A31011CPMPF,BFMZVM95SZ
2Y2DFTNMV0,RB5VWV8DPE
S4PTMQVSN1,MC9ES3Y4KF
6B3D6V6HBI,910X8KU10UKY
FEN98O3KDQ,F69HNQQ7W2
HQ1USOPSIG,4HIOJ0VSSF
URR2O4KXK1,X3TRIP18IL
I04Z5FZ8WH,85OOQOKPRN
7HAA4MDBTS,WNZF8RJ7PF
1035O1GNK10Z,ISH310O7BCE
CB1093I3J9I,V04UQ7R3TC
RACMWZT1E5,1GAOO7MF53
DAZKC4AOKZ,NTQ1HIJI68
Q0XJVF5Z3F,WN6UJWGJ910
V30RLDVEU2,Z4MXRZQYGX
TZ3UZ78QCJ,QN07II943L
X2Z9NNGF3Z,UQ8IUAQNRI
AIKY10OYSM2,4U2M7ZJU26
H1ZI81DTUB,EIEG4A9YQG
8QP0B10O710J,HRW1DBC7BJ
QH10PA91GZ10,71T82M168Z
46OQIIWT7O,GPRSVDEZ810
22FZF727CG,W210LSOZBB2
JO490W4MMA,1V6CA810AGP
WI0BOBSNFW,O47ZTHI106M
Y10W3D8C6SJ,S674VKI8K6
6XTX4Y8Z6I,D9UBRJU17I
6CWT0YUSN9,UGHIB10ZWUR
HSVPNVDQ71,DTW2J2B8VX
ZKL887QH2V,VIZBE6T7UP
6EP60TOFFH,4Q75OQ10S02
N6ZE480KQ9,QO10610OCG6Y
41Q3VFMEP7,A0UED477P4
QESANK210WX,0EYVUJUQ3T
PLN99A0L76,PFUDMGJE8X
FHR8HHSBPT,K09NTB5HEY
PJ448SMKF2,V101J772X10E
VCQEX4VNA8,1URPGYYUM5
1FBU4ZCOEB,SQOYIK7MTH
VF3D4JB2UH,DLJAYVIFQC
K82UR8NQKY,RF5X3RB4OR
10D00OZYX3K,10OJBIWQKSG
GUQOIR4Y94,LZ1A0OCDNB
YCCO2186BM,SBGPBWINNG
HVSU2N6JIM,JINC510ZLTV
H4NL0U13LD,VH9EVZBIX4
7L2L103U4UE,3OF010OFIPQ
S4Z533V6GH,1Z1HVQDKIY
36PO10I9R0I,2MOMZ9XN10H
4WEC20VOGT,76LQ2CG4FH
DA10BHN1LUL,YSY510Y4RTK
2CW6EF910PI,2BFH9IADBZ
1GN10AH5YSM,IGSSKT7LM5
6MNPBW2T15,S10OPFRUAZV
QI7B10HT7V0,R2GB0FPQU0
ZBJNR2NEY3,YDADH2WIGV
331P19N3S10,13QGL10OYRV
GK542010WH4,PF10Y52YFTN
Y6Y0UUCM102,BA5IULGE37
9V6AKP1VDF,TQ592L32LH
I27R4ZNI4M,8MXYR5ITE5
0WWTP5G89Q,RFCK10732N4
9TPJEZHS8S,SAB28X1E7U
E10FZYTVB02,EJ4M10HF2ZL
AEAN5FWV10V,S9X6GQU10710
J109790ZUC8,ROEGP398VA
SXCBCTZP7Y,XHI5Q3U2RN
A5VG9AN76J,YCBOLXJ4YB
QUEKLFFIRG,VFW0FSF9LN
7ZR10WW8146,KKFFHM7COB
57UJJRT9F2,GV15YR2EMJ
VGV8APEOW6,BN4YQ10AUQB
IQ7DG1YJNF,6KU8JIQX94
MSHQMBIO14,OV3ZXQLXPJ
SREHWMIHTI,FTAKH7NLK10
94DR3A9ZZH,TGTWD810S0
6JG6JQQGP10,86BQO7N274
KHLN3CQT0F,NAZ1K0WXXF
R98YSMK1CE,P10UCZTD2YZ
TFIMQJB87R,BEZMFNTHF9
G2BMJN95BR,TMQNYQDX4I
YUQ6NHA7100,70CG7PWJLC
E04P4H410EW,H0WPZ4Q10RY
Z35R8D1R4H,ON104VI8O4C
IHNWOH0I5Q,VUV0205VIX
23XOVQ4WFF,QXX825727X
9DOVQDQLZO,9LPP4OO5I4
0VK5SUQ7US,PIY3A5IM5N
VJPRA9S9VM,9YEHOJGZRF
J9IL8R7XBL,AA2LGFW6D0
45DTFEFLF9,LVOVCDV7AB
234TNRVF42,N7VE05LX4S
FQ5EKSPHA1,VRCI77ICAS
GN7VNN7624,SKN4PA7VHW
MS8WI8QCWX,1RSMJ10XNE4
8ZAW8PMBVV,P3AGD4PIMR
2SNTHNTEN10,KSA00Z37JN
1E3L3DI5B9,1Y2MMOXW3Y
GNTA289102V,YU5WVT6GLR
MIR1KR6J2M,28X3AZJ1004
LHLTHNRZ81,E2DN43HH6V
CJI156ZF3V,VQEQ1WFVS7
A01UCIJRE2,OI4NKF9R60
5L9I74XCR1,QG10WWOCT10D
O10H93QK410K,992V8DPI83
6YTW99S7LC,M1R4RM3R0H
TBNK11TKRH,4TL10Z5ZGGA
A33LSCEJHN,N511FT99TH
J0R9BP090Q,9F108OU0Q3W
YTIHL0PAVK,JR3IHTD2B7
Z67J0FX010H,FVYU8CODD10
LYGXFALFKE,6KC8UBB0RD
NTTI541KCY,9MSQEX2XQ5
FR7R0U21HT,LE2CWU109R1
SIA10SK4Q7G,AWNGWMJG3A
Z9TO87WU10T,GK0662FB1P
D7J10692R3X,CZ47V9PHXG
I6FFVTLDTP,Q7EJ6DV0U1
GFHH10F2Q3K,UPBAYYJ4105
4GGK29S8ER,Q0TWAGY1PU
NUZXOMY29Q,2L310MPQ2U
N6PK9P106V2,KM9XKP2SWH
1010O7Y3ENK2,LH11IVLOKH
10DZU9HC7ZG,5PLI1IN246
O6C2MUEDR8,C4M8LO1VNT
J9HOVUYR44,SR10O10ROG5Y
N0DWZC3GDO,10MSVADFFA6
O6XCL97ZWP,7VWDQYSGNB
3H5TM5DD90,YXQTWD10HE4
EDJHTD39VR,0SPMOTYSAJ
I8DL7OHQN1,SPRVO1024T5
YEXHZ4J1U5,1M9ZKLGNQJ
UL2RE1GXN3,G5J1GIWOZ8
WN5S0SWQSX,KNZ100YHWZV
CI24YTIT7U,VQN93QQYNN
MXLSCKF69I,TS6SQG9CZ10
6XM1RDXORC,BXS1J5YVLO
1OUYD8H8102,PGU10E0Q6XJ
6DB3XRL8OC,707LF10FUXX
X92QRETATG,9D1IV5MD4S
25YILSJAND,5BJ5BB0Q8P
1X8WU4YM79,FH3S4VNNHQ
XHXXGCP51C,W6PEZT2T8G
469ZLVX7LY,UKAYHYMC4G
1K9PLCME02,DHJJEW12Z9
ZJMS75DWL4,ZKFL78R78N
DE9MFZ9KLT,5HZ6Z5Z7RK
HUN10H3CBLQ,JNT9IIVGIQ
Y43KRPX5MP,NSAZENDBSF
YU5DTEE5HD,IZTWT62COR
9R3QQ2YYAJ,EHLQN9CT63
BHGI5NRDV1,EF3KABGAUO
21O10XP10XQX,VZ97Y3FNKR
ZU83C84AT2,OS36LI07DC
WG79X7K8TY,2NTLMOOK54
YTQ1XHKRYA,TNS9UP276M
9MEPUUFB6T,1010ZY6Z0RTV
24XX5CA7VT,CCAD893V01
23QH557R6Z,2510O7BQ01P
3JW810LLFLX,LB1B9II1T1
24J10O1PP6S,BVYBJ6DWP0
3MEN4U9TRJ,NNZXNRM10TR
F3DCRYI3CG,WDVV2ZLC21
PQD101LLVSQ,CER31JN3DN
I3T5R7US89,OWH4YMOAC6
06WUXI4ISD,GJ6O6Z0LRK
JSHBD1BYXK,10ZB527M36M
0VYFM3FRUE,HRJKK63ZZO
HALTD6I41N,UX5B10ZOKGS
AL572M9ZLJ,P2M1LW2GUJ
JKL45PYMLK,FDPZKN8VJO
L8IEJLVWDQ,DXIVGQHNRH
3ACN0415OD,MI3TY1GJEQ
NZH30WM7OI,10EU248L5H9
CIR3QRC2KS,Z472KRL1IC
SPOKF1JWAT,28G3C2O5TX
10NE8Z711010T,IP1LXISTFK
USTGE0M8M8,NJXD6615KQ
I44ZMK5RV3,VZ9VMFM29E
8VM8ULUIMS,MZ52WR39UX
OKWF106W10ML,10DX3HKLVVV
NWKEU0JA94,E5KEYI10QAL
59QJ2W3IQT,GREOW8ZOHR
H19ZMQJJOB,PWSMER81DK
9QTKFUWSCJ,VHWY566VV0
GL5DL6TEER,8X89SMOQ2M
LVTQ15YSG2,MR2DDFT5I5
RLKKT4T2DP,LKNN84V3MW
4FT1MCH7C9,7M09CQ7GQ9
1XRVON9NWK,1LGE9CBGS2
YH1PXVWUWS,0IJ0E3SE8C
KE77WSZU17,880VM8RXXW
2V05TS0OU1,M10SEBQ8M38
BNFFXD0G87,2SEMR9E54B
61AN1LGOG3,ETQQBD8OYF
1SEN10CBV4V,BLCOI1JZSF
DU10Z701YV3,00SN8C41ZB
SM6RY9SOYZ,XN1DW10F49D
V6C2U6O5OB,UZXOOBQ3TH
OKQERAO93C,DQ6WTDMCBW
BPVN3JVD83,K101JJ9VBPY
OAYI105JN98,2WTWXI7YLE
ZWT35XANZL,AYY8MUXE6C
OXCTJ2B3K1,MT10U1JJ8AS
1098FC7B106Q,2CAH42OEUO
CIO10II10BE9,HJ104WEWM8Z
7QVG10CU1XI,UBCG1W6KNY
ATWEDBLD6I,GB6L10VM93O
0EB267FMY3,J9NFQWEK5F
LRILMJK59Y,VNL01H1PA2
73NH2D7W65,J5XRBI10718
M0MG962H101,GD210P2MYM3
1MN44Y6SP7,101HMROV910
SIA0V1GIWS,BIZ66JE10XD
0PF7ILZ8BV,K4Q0PQ7D9I
3Z0DINJCVY,J6WNTUO8CP
A3KJBH9KUU,POBZRYWCCG
3A7A6N3R7D,JOFD7M6GD2
AYHP2IVQ0P,KH0ZX8CT60
H5UUZTAQXF,5CXGNZ7VA1
UU1FP90ZY10,OBN6Q9QYJ0
F6LRI103SA0,YBC85O3VU0
WDFTUZN09L,DTEFFIUZO4
NY52MS3D44,454ENF6Y5T
LT2X1X2J5J,XYJPUHFJU1
HJW74CSWZR,ZD4PHLURKJ
XGIGS6IJ8D,13TTAEPG10G
V3D088RGQS,E85Y1009WFA
I6JY69EIB4,NWGLHX2JMA
Y8JGRV45CT,QXCK7G651O
1XXTA2ZO15,1F8KB2OWZP
VJTXC523HB,50BJYAWYSE
K10YBOD84B8,ET6E229HSK
2NSS10RWKAE,7RTLBX3W3D
JJ10WP9XNTB,JBYYV08RU10
L101XHTMW56,G3MJETCUEN
PGATQ7BIW10,ESC10HRF2YJ
FYAW10TYNGS,4YC1B1J1S2
FAF0MEZUDM,8HL67UZ3SQ
QYCV9VL41W,UQ8QX5FLTI
LYGRJW6XEI,38V10U9WA108
63GZJSDEMX,U01BRLE5T6
S2C2G9KQNX,9NTJ4FELV0
QNEOQRBX49,KB1CGYAXNN
1010RLAOBI4,FLGRQBRW4G
R702M10086I,ZS10WQSHJ5O
KZMCDK9JOT,KTNTN5TZOC
DQI9OBY4M1,M9CN9RMKAQ
FGL4OOB426,290RF5ZLRK
1DNL6R29FZ,RXY5JBJHDA
7ACTFIXWL5,FP10DIEMKJR
D7HTTT6VOU,7K10HRCMY6
19E1UZXNOL,DFHUXKNXHN
LPZRTC8DT6,5S0CZF8B8H
I2I9RNQFDL,U5F22OEL9K
CRR104QGE3I,JFZJNEA8NL
PW9CCT1XZF,WR4WZ109KFI
L4X75IXALE,G68H0NOWVO
DY0WZJB2S6,VJ5ZO110LA3
20HXP79K71,W2265022T9
QX7DCL6W6H,V10107PPL3K4
FRT7KQJM8P,2KSHJL70NJ
183X1010ONKF,J106MZHWGBP
OF8XS10ZJ88,NO191BL2NH
VIN7WCK8A4,929CYMFAA9
310DI106FHEC,TNGL4KY5108
IAS3A629XO,1BBJ6BJJS3
L67JUSN64F,O4D6HH5OO7
S03BPO8KKZ,E9NJE10UK60
NLBA4NJVFD,FZZD7ZYIAT
44YPDGSYP1,8FIEU10H0RZ
CVB0SC3018,PYWJA10BI105
77WGLOXWBA,1P289MGM7Z
QLJAGZ80CU,RN4TE2UUDZ
CL2G22J1XZ,A7G98A26MB
VKC7JFM4U3,H2C026OR15
9E0PAVKBF5,HSPC9K9I0F
9RE8Z10R10OL,BBST0LBT89
8Q945Y0Z6K,F3DQA38D3D
CJQCUR3RJW,HDKJVDDXXJ
EPYXTV838R,Q1VQVSA5S4
HP81BDBI710,BDTIINIG10S
29UM3ZSZ5P,J425KPR3UQ
0VZOYYUA4J,KL7QOJA2CH
RDPLP4W400,2I3JZDA7F0
QLJU10IOBMN,5JL45QTMET
ME7G3RPNSG,ZT414610P4O
3CTOB1CNP2,TKRM10C1UPF
BB0SKFYKRM,CLBM3LBO0O
HLPLZKG84I,YEX1BXJ9CN
UHNRRHQJFY,5NC06HHQTU
JQTEIJ637K,JLXMA0SDWR
0ZA44A2QB7,185POK9GKL
0W48Z7C276,U10G7S7HI9W
NZQ2K10CWVA,GTEX10FCB37
YK5WZ81010QS,JS707BROXP
66JCM54CMQ,PUQ10YF0DHC
7NXY2ELBOZ,0276FGLBZM
X0861PI2J0,4AWHAIFJ9Y
10CEXSFLO68,R667SOYAGP
RO8QC9J10DQ,E1DITHPLAP
QSPVO305R10,J8GOERB0HV
SKNPNMEC0B,6V99CCSRC8
5HL2T10SGHK,LFWPSI105O0
BLWYXKZUB0,SOJ1Q99WJ2
03F1Z6SM8R,IBFS1TOKFQ
EQJ48C81M0,MRSA6CF4T3
Y93IGNYKSS,W1DMN7710RQ
2QS8G9TUK3,TE710YCITWG
IUI9UK1BQM,2YYF7B00I6
D4KU7QI1AC,08ESOSZ5ZR
XMQWEFBP8D,AFOO0QACJJ
R10JZM286KN,MSDNZJ7GFC
UAMZX636YZ,IRFD1WWIOK
XKI7T0CID7,BL8PMJOKFQ
RZD151UTLS,70M4OD3BSB
FO51PE10F4T,HQFA610870E
7C0A110MJCB,HWF4G0P98I
K6HHC7QF0X,T0VS02VGPN
JFDQFT5BF6,V55TYDC80D
OR7Y3S01OC,EW7GOD9FTB
W030O892WK,0HS78IVRFG
ZWX8N3J9TN,MNH8E6RSA3
7L51109OBV8,7V8YUYNLM5
M8DB3U010L1,837LYSW106L
2W94JBM0X8,E5TAF1R695
9B10T6L4CYK,RUIZFPVVHJ
VUJST10OZUM,6ZOTATVBSX
1X4BBSX10WU,4E3I6GZ9TF
OMXCUU60VN,C50810YFL74
NFO2QD10LW,FA4HKR2Z10N
FTS8RQQP4A,94XM9X6RIC
QWXQ3NC4VZ,GPS10H2DCOI
21QMYWA2TF,QVJ1PMZV5N
CZVPJJK9W6,LETX10XX9EF
10T6EO7OGEK,HIDZV4K10Q7
S710OJH9EDB,2HRB3XGDFC
5UCP10CBPS6,XHLN6XGN5R
3GHKP1MVBX,8LLBX2GAJ8
WDJH7O105P9,PJX9TSTZ73
SOSDI10OTVV,XCGE4BPOZX
Q0G10FG8DS7,89RXF0QT410
VGPMIAS0W8,RC69MAIHSU
0ZSTSKQRCA,3RQBU1J59U
245HV2QO41,F35QF8OQZE
A6B91M2IC7,30D2XXL6AO
NGLZQWSP1F,RPDTIKJEZ1
UA79ASZ9G7,19IZM9S2KN
9BVYXHS07F,F0H5YEKTPI
6BX9A3KF6E,PO4E6GTRE5
1D8XTA94YK,YNXEG695VV
K5FQXOQZ4V,2MB0J2YV610
NZM8N254P10,10CU0VAZRFP
V935AQVMWP,8BO1CEHZZ5
0FHS8MNEN5,1MME4MB6C6
YZNIKEHD0G,VM8J99C4YU
5DE6C7LAG5,B6EJE6O6HM
W0VQ3IZZM10,RYP9C0TGZH
V7V3MPMQZ10,CGHCE8LYT5
0Q2Y0IE6E0,NH0IRWJT5J
U6ABWLZXCO,O6SL56BEHB
6LNBYRE5YN,MMPM5Q8PQA
Q6YK108I8410,TKHGF252DO
D10DHTVPOAB,Z10IB6CVCAJ
10MMA6ZPRS4,IBDLSTNXL0
HAKU0JOO74,89GZAEEW00
KN265106GCQ,GXW6RY8SIV
R7X79B65JA,ACJ6EJD96L
3NN2610E610C,56ZG3CVJK10
V8JH3YTL8D,EW710WL8HVG
GF22TKZWQ2,HOMPQHGZU1
L1WLX1PAD4,MY7CXEH729
SNLAVH4OLD,Z210G1O7IPB
6G108VKW9RZ,ASCZW710AZT
0S2I6FJEP10,T9J736WGCT
PRTUWBWANQ,GUMPR3Z55D
ZV20UXG10VG,6HW3CX05XC
7YWFWNP0WG,G1MASI10R62
QGCNI410L8P,EUH9105KO16
D5Y102B5RKO,7WS10ZYMRGY
ARPEDM1IE8,SVWTYJ3HAZ
QPB60M4VSQ,3J0FWTAKPO
M7IDU9QZ0Y,X16ZJEP3M8
4N83HV0H5B,WHH107O0TE
27XA8NQ10GL,C53VUMRKH3
LM8RRJ2MPQ,BZQ02UYZSZ
J8OILQ5GWW,GHAKWN3D8I
U108H6M4OKA,CZ9HV2OJML
I1F4CXETIZ,H467XY1034B
0P098VD9SE,J0F4M7QPHR
TOB1077WZAZ,D4ZFVR37U9
CXH1BAO435,G7120NR8QJ
MS62X78W3Q,RPR3O108N67
7OBWIWOBIK,LFHN5NVS7X
YV5JABU314,F5PSIXIMCT
E14WDB6UVN,UZLPF3DXD5
F1KHPZD9RR,I10S7FVCP06
FB5DK7YKCX,5UK6EOVJ1L
VSKGS0WE4W,FLS29CJ90T
98ZOXFDTXX,ZO7JI0TDHJ
85M9Q10KXFJ,7GWIQI0UCK
P0A4DPQV45,LD04UI5PQW
1S10GEER4U10,MHTX4LGU1J
44XF7OHNU7,ZR38J1WKUC
NZ3WH7UGF0,DLUOG5X2410
TK10KHYV910R,658YMNF5M0
LAQ9T1O0100,R2XGQJOZZR
569UU13EPG,PVB1P6F2HF
MVSKJEB5VF,6K7E4PCYU2
DI8107S8LY2,3LPZJ1P812
IH109HT8317,QX2EK0WX1V
WOACJALGPG,TYYZNFNF7W
9COE4IGVYR,BKS824LA610
41S80IZWBY,2G1CWXG10SV
EKAX0IXU84,LUJUW10P7G6
K0D04F82OU,VV5YCPM5B6
G14SFJTQ71,BYGZWNW2HN
RL284MBART,SEI3EELWPX
DXLQEVZ1WT,88DD0REVN0
9I7KBT11RG,8NTUKBMJYB
VCE08XCIQN,EGXNPT10Q41
QJP72ZTRNV,0DY332VO0R
K10307KDBJ10,U104SH9U6GC
105Y3XC5942,0O2UU6B058
TEODGWS4WA,X10O8X103PZN
ZBL87733105,BCUJKDFA3L
KDS97CJGNX,F9XTX2M8FI
19JBOXHDDA,O7EQN3USHJ
100O5VLC8BE,G7P5DU10G2L
EACI28DPRB,KEXDR1XGYE
F75T4HS1JU,0EJY5CBXF7
YYW020QKES,CBKJOGT0JV
QZZ9UZNZFJ,OUP5KE10U10J
R8LDEOWSA4,8WINWF3MY8
DOQ1052LDR10,JU3OHMHQ1Z
6DU1YUOQB0,107TXD1MBWZ
1N7FADDYFT,ISCNMV803G
APKAZ0WURY,MDQTGPII4E
H5428W0ZGV,C5PPLLI1DV
CFNK2O5Z5B,J4410M6OGB8
2SMX410DXEU,PZJSRUM21L
QZFVNPGR1C,TO9F64MGN7
9YBU8Z8L5K,425XJ5FV10N
5IU10WL4TK7,NV5DPEYGSG
6OTAF58E1R,0POD73EX10H
130WQYEPOS,CEGM103LXDG
6JK10EO7AI1,5WQUVTK235
WNIMXHW10YI,10S10F8DWIYZ
MVAB10YBHA,2PDLV5MFJK
193W2IMLA2,MDG3N5CAKO
3XHBM8CEHI,R47T7HW4910
BR5I1YH1YZ,FNEQI6NDQN
100NYN7LT3Q,FN3DZ5PDK1
HCPPJ0LKGH,D0VB39X1XW
8SISDMLGJP,UHSQTOFTK10
H83RJ22UTV,SSDVWB6ZVC
QPO1ZUPQI0,PQH8EMNIKL
10OBENFVBCA,3OY2209Q6Z
IRBFFIP8SM,10VRSNRAR27
L164GZ9X4N,1046YKZGRP2
S8HPZLEVZ0,185BLXAPLQ
O71O9LAJLM,MKTZE51577
2FYUO6AACJ,8VL55CLB0Z
HB92S1Z8108,1JCSXVHYBI
0L3EQP2R5H,HP29AL555Q
RZZF1YFMA10,H4EDA0KLC5
27TEFSL1ET,IOUFCIBRKU
ANW6JKIK10C,HGLYTWT7BL
7BBE5OALBH,NP185ICLC1
AW1MU07AEW,40QBV9CLY4
FQPNI69Q6A,497JZJJVRQ
RODAIR69E3,MWDNJBGFJT
BGGHHUSM58,XUYG4C6J1010
DH5FQSGB2J,ZXD7K8SG9G
TFT9REFGXM,OEYK2LH1110
UIZDZK5UJR,PFS8G1YPIO
XYNVFP5KWE,1QVWFGFCHI
6XWSOCVN1Q,UKDSAVX99E
V2F7WLI5LY,DWGOXTUMTZ
Z0C3DH1XOU,3ML4ZD26IZ
XV91CATNAW,10A0RD2M8Q2
DIK9H7G9E5,SZU91DSWKP
K10MVBP8DQZ,XN10SLI9Z55
FFJ5P67KT8,Y5BT64VNJE
290CHBW0KH,1010N39KS1097
WW7D5COLD7,GTU102EJPLH
FQNYROMURI,CBVWB6OZ4Y
I3LZ2868JV,NPNTN6V10NV
7BOD197K0Y,V9DFE1586M
C97V6Y2KS7,R310PGVW84J
QASZJ1GRCB,V10ZM24YICR
9IGO4AXFXY,H10D3GEP178
NG9VSKQ7DS,QX2159T82Z
DI8OCYDDLU,S9QYBCOGOV
HDE6CZL8DJ,9BW16JC7B7
DF64UHH4OM,X3QKLLSZC9
ONLQ5YBOG3,0BGLRYG5QR
MNJC0O29G5,I289695LS9
1016EKGIOCO,10VTVAT9X3U
EVETHI93TP,ILVLWKUMMZ
RWA91V10BBG,Z94KV3B5OL
10JCN0JK103Z,XY37G2OLHX
HWUXQEBIW8,ARZZLU10SKA
CAZ7I4MSCJ,8F68LVT37G
WWY10W6WFEL,JZRJN5DL28
7YG1APAZSM,5FJQ10OM6PB
PVU4KSXA2C,IV682J0KOC
610OLGO0LZ1,O08MTW9I1L
2H10G9U7PAL,HRJ4XF7BTX
24HSI2535P,DD4FJM010JR
YIDRTUGRK0,EZT7FPQJ5P
OJWVK1EC7G,KH7PNQ0RK4
LB8E1K88TX,5L3WZAPFPA
BTH1MJ9XGJ,04631MNDFL
CSXUSE2C21,D0WEJF7F0P
I8JE5875MM,2N10IMWMR4V
NMBK5CG0VE,GXVQ941610F
YUMEBTGKOT,DVZ4LI8RP8
U1015P10W0EE,UP92G7TMQB
L4FQDT7K9W,0HFDM5QVH6
6A8P10V26L0,SKLLPTZUYN
7FSK6B367H,VKMR8109RV2
FHBDNOXYZ2,ZSM74E39P10
KUEJZ6ZB6R,H85NIG5A6V
3EXXTCI5H2,YWY2ER2D5D
4G10ABPFAXL,IGB2SW010IW
0RO1EDP5A8,6ZWTHV1MJ6
ZF5GJNGOMK,0HA90K29FH
1YM9ETOY67,1TRQTQA0105
OYWPQBY7FW,XKUBSS8S4Y
F6QBWALR5E,YR52DZEOB0
C6M3KC8M2B,MYO0W676HG
WKQPET9YZH,DW1G8FGZ10B
NEM1WI2LJM,BZ8XPVNKS9
7ULSS38V3A,ZXDEIP60N10
HAYDWTH1N8,P6VZ3RZHHQ
JXICR8N06E,2GYF1010W728
PDPX8H570X,6A1KKKPS6C
4TZCW09RR10,10BSBASPV10J
HSPM0P1H3A,Z2N2J9FB9T
JDYK9HRQUO,RAG0POH4JX
BASGX73QR0,NO7L4G94RK
DF68J1XC1L,72JBE6ODRW
6XR8YE6VVP,L8AKINIL910
KW11HO3X8G,JJI10G7ZFQ10
2101067VDUA1,MNDXD2AAR6
717UG4TSFV,PILXB4ZTPK
TAR1D07961,U10VA9311RZ
LKU10SA6565,CIAA4R32BL
K9QC10LM724,SQV8JV900R
U310KD2PZJG,AVESICVXJ7
LYER4E1M7G,10KVU07BX35
X0IKSETN10T,ZQLY5QLT1C
MAB9P9M9MW,0YNCA43KZX
3P10BQT59LO,8ERH5G1PSH
M1Z9E2ZQJX,L7LTFLDH1G
GUI46KV0GX,IFY84V9M6Y
TFLRYSDFHM,5ILSJW242R
DB90ODWSD8,MW2NSNLJNY
BYLSL3N2O4,NBCAK104OGT
0PCONZIVYH,10Z24ZEOTQV
CWB4VIYFZG,PCG21XYR4I
VOI6Q1S6VH,8S4W1O9M7N
10V1WIQEGJT,92J2L2100V8
21CP0HWJF4,K2QBWUDZRG
HRQOLAUN710,3MUIO9FFKD
N4PPHVLR5V,ME9GGQJ2IZ
TELKZFQ10ID,01106S6T1HE
AU39WOFE71,MS102BCOJVY
YB1DLZ10V6I,XBXSJPDK17
I70VZ5KM410,XU4S10106HRG
RN29UT3DAL,YB5GWPVLJQ
MMV42101P3C,1P2BJ068EM
X5DJ8TBB0U,H6IKHICWZE
TMNVWW4ZMS,89Q8ZH7PU1
C9TOBQAWVY,5NQL2J6SE5
Y10G50EIYCA,UDZ1EZJD9G
WR14TRKH9I,BTN3AQ9S4K
48YZUF7GB8,8MP1BLJ6TV
ZRNQDAU1CA,I8N1EUZDZT
NSY038RV9M,QZPIZ4G1018
Z7PN02A3ZB,1NURACXSJV
1077N40BDFB,Y7VWJ3715E
RI1N112Q1H,X8R410LEIYW
7F8VI849QN,K38Z84O0BD
1153H4PIU7,5UH52UFPNZ
AIPG5WLKYX,KA2CV204OH
9510J8KTT4P,HW3YBXE3YQ
QWVMW1COAT,92JRAE564K
NSJ2T100FOX,ZG5R808CGE
1RPTHD9ITM,RVYM7HN1V8
KBK75X5F16,CFOUI3XCIT
EWDQU2R22W,FFZXOL6FRS
XPHL4F2NPL,ED6ZRF4VUC
C6G10YSUDIP,I2Q1IC8987
8DGTZBN4XN,AZD9J2PCGI
WG10IQ0ZL9I,RKDYGGCMEX
UV7U3NZQOC,GSX910YH8DT
XFDKI9HFI6,UPT10YTPT1X
AN088A5MAC,BRTR8101LUW
MVR6S1WXHE,RLSBSY5WBU
CXS988WUXI,PY7BIM5J10A
10QCXWUTXJJ,4JUJLGRMZ4
EC5L66FTLA,Y894AWBAMK
FX5WNO1MVT,DZ6U1MK7ZO
KJUFN33DM0,CX4BGF6FAV
D49AWEF1BD,VCXYLRB84B
FJC8QSOZRI,IXPS9CY59C
PTIFAZ25UK,1GJI93DTEZ
354V629P21,9VHOL5YNVJ
J2STI9LY2A,DX102HGUOFC
5WAGST9YTN,X1U10664WAY
UPP885LLV9,MT0CRV8LZS
YN8937W63R,JD00IV843Q
UK9P1YPPIU,RBHVOJ2K3T
AK5UJKZGPR,3JAC7D1OCB
67MZBYRPPQ,10REBO387V1
NZGKDORLH7,9E9P01007RC
13Y57OWF16,0DW9EY4NOK
SG6N875WHV,VELMAH49BH
TREDA3XKY6,F10O1PUUGR2
DKK63O78FZ,4GSEO68VYR
80RPU7H5FN,RSX10AIAQTX
N10M14CRXEP,NZ31EGIRZV
PH0MA2OW9A,LEFUKEGU5D
YJ7Y2KUIF8,U8TOJ1NM1O
1FY9BKEYJ9,3KII939310Y
O108ALKXO10T,YU8X09LLBX
0QUM072I0N,URBSVJS5JG
F6SOAUS104P,ZHASJ2F9X10
UGERC03UZK,F57ONWAKZ5
10OJR108EJSG,3107FPWW1AI
105N43NH9OJ,V28MSXIHNX
GU2IXW6535,JXN454PDS2
Q4SO85C0OG,37T3KMFK6J
K7RSQZ81012,CSOM7Z22IV
JGFROSITDN,7K78CBG2FW
TP1HIWZ0C3,89ZVHDK4L9
PSC7AELP9O,54NOTE94F0
D1F3XB43NF,8JBQK41709
5NDL3OE2PL,95WD59PGDJ
VCHYYSU6RL,ZHZ10TL13GV
WNQ65147ZI,MTUI70OG0F
3AAM36CRII,4KDNPSXX48
SELT10BADJT,9AJQAD2833
10NQH50GHOM,QS210FC7TQS
CA6B55X53M,107YE53FI0X
6HMRN310ZDL,8C87GT5VCO
LHF1LUZTBQ,EVGOBAG10YL
TFLH6KXUU7,0U43E1AO4K
1TFUMZYF5P,Y7Z6XP74SX
IAXY2QPT8V,P5XQ8J58LK
110FCHZDSJE,C4VR4OIT83
HFUJSCNBJU,QZCD7VA3O2
1VHYW9E1EO,WIF10K9ANGZ
UE1QF2AR82,OMXW5E3T9M
679EYYMQ28,33NJCO9CTL
OXQBDBFX1E,OAN1XUHM2K
AFLLEUC8OU,1YHFN667TM
593I7AH7FO,QV48B5H1WL
J8WSYDGVXQ,NS0SZ42ZU1
PK6H9EGQS5,0D08XT7TYC
12IL395ZYR,1G6N8CBMB0
OXOHM6ZBQ1,L10NLONUPLO
WA74RLTCKT,ZH27LFMQAT
8BAQKS22G8,XXTCC2Z10Y5
M1PYUN1QPI,10CC2B013NW
VXW10WFYEN0,6NMXYJGJ9W
4LKJMLK9ED,IH68OE7ZCK
05MFFOSDW9,V24BE1RG8H
8GE43S766Z,RA9WW7BNW9
S7IOEMWVRO,BQ22807C25
PCVEYPNJH10,IICS5XZ2QD
3MV01ICFVA,FSPRNETFNE
8XU10EWVOQ2,YIXT199HZV
WLDPSCSSRS,W695LRS9OK
8SKR3G3EGR,QBU7E4B4Z10
YB3UM2IWC9,KTWX3KXFQ7
QOYB3TKYU4,BBZ0VE847P
0O44S48U61,1CEXN6K5RB
624WLPDRGR,0LWGYZM5D5
6KPP8KH2IH,ZT34AK6MBZ
ZP5DIMQ4LU,UL2L9FUJZI
9SJ7N06S4L,LQXM3ONB5E
XCVRI4E2B2,V6F6HPCBJ1
IIPO9M6RT1,80LCXLKV73
02GNLAPJ6W,E77A5210V6O
I10RO00AOFM,F8MSYMPKBU
1RLXXJPZUG,DA0AJMWH0Z
JN10O840MS0,GWFKJ87LEG
UWOYQBZSDJ,M6968FX8WG
IOE41O7TKA,SY0EBQNFTA
HHEHJFNJFP,YYM4JZ80JR
JBPEWYAVBG,WNIOZ5UZLO
XME10X9MW7B,PE4N3RHBT0
6CNRRZYFCJ,YT3ITVDPV10
A613T28J10X,P410ZIEZBVU
YNR3V09W8I,0G1Y2NFP8O
GULVYLWXZK,X1K55SYRJK
4TRELM32QM,BSLWZ8814W
TQR7JZM2FL,PT6108657R8
31FALEOSOT,QRP4107ZTW8
2CNJH5LENI,WT9C5WO00L
10U6BLL9LRX,ZH2UBMEQ5G
6RQ0DQ3SN6,HCSK50NHTX
X0A5UVB34H,7U3I0SF73U
XRPNYMN3QZ,0L7R10B2EE4
9088NZI55B,NM1ZPZMZ19
6R4E4AX57K,XNVIAUFDH7
6M8LPAGF9N,FMV40CG27Q
109BVP5N1LA,PF4MKDT1GK
1YPEU09MNC,SQH79EE9ZL
7OAWMF8YD5,TJC210XH10ZI
V3D1TFR3IV,Z8IW8PZOSM
PYK4PWYFBI,2PVF17N10N10
6WVUC10YS22,ZVW910UKXHC
F5KJU90JKS,ENF0WUV1V3
FKQF3V3J43,ZC4OZGNPAX
OY4TVUAN1010,AYNGUG3P5B
KL0I1046PFV,AMNQBSBPQD
7ETR9COUQ9,3LOP78GMKW
76TJSXD210O,QXFGW262C4
I9CI10Y92BT,IYY8L81HEC
AOI66CW3LT,AZ18V4HUUY
U9NYRLYL10K,0JKCRAVQNG
6Q9ADB8MU1,10K5K7JMKRE
WD1E3YS410J,T8R22SA3DD
ABZ90BDW10L,JZG17VIZW5
DYMLT2JUJV,24JQDGZK10F
0VVSU8C30F,4ZB8YXAK04
UH45WCU8BR,X32ZA10GQA
1RJ3109JA1S,VBOTJIPDSL
NQJO4TTJ2K,ZNQ100D1XBL
84W3PQ29G8,G0XDPUFG5Q
0YZSABZKMU,T398BHWNO5
W80OZ0QQFZ,V4A8EUQHR5
PCEUE07JNC,QNXYE62SAQ
OWE6PRZ440,ZPCEPYQ14M
K10004JICIX,F10FG5ZHR4E
RZNMPYFD0H,SAKLUF5TIO
0BI0ZYZEXO,B0R765TLIG
ESK4JSW8T6,R645JWQGUL
RVGJYZ71090,Q2C886CFJO
UKM6NTB8G5,5DLYY8NZ90
10MXMOE1GUG,A3EX0235Y5
DZEEGVBMUE,JZRO0ZKNK9
VAHEYNIVMN,JNNBQ100J3E
NRS3J2ZQ3U,ZABZFK7CH3
OUR35E0LSY,3104G10Y3G93
K5Q74SCB05,L07YKQ3MDQ
91AT1VC5TM,WP66UN77OP
UPDN961JKB,04I101054O1V
W2R8TTVKZ6,VAJCAQQAE0
910AF3A9VVS,8F6RYK8W3G
8U760EUDCM,D0YK1RVCCK
CLSTIOGFS3,XD7UO93KOT
T910XERAN9I,LUZMOGI252
GSUBTMPJBU,10QNDFC5JOM
RVB63T109XJ,L29C4PV4T10
S3ZW24ELN2,CYD3JM0RZ7
LNX1ASHZ810,ITTMD4ESKB
VOT78WDK102,S2GXY2Y0YG
6TF1AJOWBG,S310S2XU35D
GWD9KBEOCX,JFX2QII4B1
S10WVLU4J2V,14F1GH39FL
I9V6PMASAQ,8O2Q3K6Y8G
8ESW0USKU7,CUWCJOKW51
DL33CWEN24,OE1WKNBZS0
ZP7FXJV63D,J25J08O1KV
8T1037MXOLH,YVSQENX0YU
Q0RX8Z35QJ,IU3OCLOEBU
482D2278LX,D1KY6CEMM5
FM682110W39,M0PTYT4QQ1
HYE310XRYGR,ZXAK8YC0QX
QXO1RPVAUH,GSBFWUELI1
LX0MVBHWRB,6PEPXVEBY2
PWNP11LQMD,1DJYE9JGL4
FYFMP5UTQR,H3G109NLUNE
DDOYHKFSD10,NKLDIQQQ2E
ZPX9E49GX3,AP7KQ42OT7
J8I82AXZZ2,V1Z2NIWNUT
MYA210HUHGG,FJ5HWQDKJ7
KMDNVQ4K5S,YWYK6LLEJJ
QXB3L16EKF,EZAEBNWVJI
EI18FD56HJ,109O710UVVZY
WYVR6YYZI4,LRT3Z6FLBQ
H77I3110V45,I16W101X2VL
3EGAJCPTFY,WNVC4WUFQF
10XU6FUC2AK,3GL02ZF2CB
D88C26QBX1,XFUPX9HRSS
LN5NL46OFB,9XIVIZ572G
IX4GTN3Z4T,PXV878O0HV
MOSEIU0IMW,ZYVVB5NX79
4NUVMD24O2,2P1CCIJ0GK
IIUM9HIXHN,X812Y7VN73
92V5YGKTGY,SYVISSLW78
2A02QL726J,BRWMGPIHUS
GEQHU9I10HX,BFDOHBHHE6
10VAUTXX46,JRFQLFAETL
H4QVQ7ZHXV,QGJMW77MYM
Z52OL9ZWBH,103P5H27295
UP710E3MZ3B,FAST7MYIOE
GEH7UQN61V,EGLUBWN4ZI
R5WS6BV8AS,6C100M68225
620WKEANUC,OJU109R4TMP
5F1NIV1PV8,8A2EAVEJZ6
A0X1C1OWJQ,IWSGZRVKE3
LMG6MKD5DH,Q6HNPI7Z3U
MRDLJKYDWI,G237CROK7F
LOZMY2CJ7M,AGWXJ6P32H
FWW11RWBVU,HOGRX2PDNI
TDU2M3M4ZX,7K4TPOOWJC
BFMZWCO902,VIHA9WCWNQ
NZO91F7D4U,62SRP10Q0RN
CFLSAP5OL1,GURJQ8JS6W
TV5O9IAENF,EKE1D5Y3V4
Z10E7Q2HB8,L3UBE6TY37
EM8GPJESMD,C47BD5U4VA
JBNLKT4ZPW,BXK9A63K7I
63E0VG6AJ9,T4ASAF1R0B
K9BIO1C10IU,4H710FQDLEL
6SDFS32MLM,04ME11JQ37
0YG110REXFT,10YM9EP1Z01
Y85B210SY110,PVD7EPLNEJ
Q9SQT7N8T10,A82YWS8PW9
XGYYTIV2S10,W10QD8PUJJT
4RQ8G20PPQ,IM10LOTJ3XN
ZS7YC10EI10O,N10GRGCQF66
UVEMRQICPH,A05WFCI7TK
5WC55REVWQ,VXGCL48USC
UFBHJI10N1E,M1CY180GHQ
MOLTBGAQM9,FY07MM35CI
QR7G5ZJLLD,YGE9GKEOCL
MOMM2AA10IV,R110X1P0G6Y
8A29P1NY18,OAHZPO7837
8YT08AQQQV,H3E10FAJRMJ
FSQVGED74G,6AZVC267910
ZTDX7MB3FH,DMUQTWO8TR
L0EZIE8CCI,PA5N6X4R40
JT4E63MZK10,DLFZKR4MDP
GM5P19M0H10,10PIKLOGNWH
HZLU3NOLJP,QB38ZP99C7
RYWH35CBUC,A0HI688QPN
6F0QU7SBDQ,W6MQCKCRZK
B5TDQ10HDQF,D8VN3NQ34U
2FSMJJIZU3,8SVQK9IY5R
MBY4VCOFHS,1OSHMFM7010
RNN2JAIAUI,E717ZHOIZ4
P9GV0BIN7Y,TC4MXOBCBY
10LBSZV10LH2,QTDO2ETXOM
JQI5E8GTWW,F3J25CXCZV
J5UV8S47RK,B1PH8A3TGS
BLQ96ADRVG,EEDIP1MB5Y
A5TXHV2W0T,5FMHWKCF9S
ZKRNGZH1J7,07B5QIXKY7
YCN3GW10CXQ,VM56ZOEAMX
GG5FM26JIY,105DRU10R8NZ
OUXIQS910CZ,1PWS9MKNO4
9C33NAJW5A,9HPWI9B96V
V8PBA2TRKD,ZOPR2NKQMZ
GOOUU6Z28B,YUFHDB2CTH
CGCE2WD28Z,KXNGQ30XHQ
KS2PGS1X5W,WYKA7SR9Y8
06NPSI2CIL,81GF4UX9MQ
F10CX4ULN04,LZ44DF2LI0
U98G7Q4CR10,QN5JDH10HJ7
BREHY3AGY6,EL10UD4O7CN
S4PHVDRJH9,9BTOT8OB14
2ZLN9NFTYX,S6SCV4ASA5
5YEZ10JK90K,8PN8GXJRJ3
FZ9ATWGY4U,KB6HVXF4I1
ZEYRJ2O9CB,10710QAE6M2Q
BFA4FP0O7G,A0QBYWV5106
DH1X2QOABW,8JEG1MEE4K
RIKN1PXHWG,UFI2R1AFM8
NET19J9C1Q,5T3WXSHFSK
EP1080510FYZ,DE2M8VCYWF
JZ4C9LN0O0,TSLRYQIIBG
QT1YFU0QEV,3R54K1XP5V
L8S6AUMKJC,FXUU95K17A
BSQL6IF912,W2I7CVKKKK
Z7AJWASSAD,3E6LHU42RZ
2EZ4O2DYOB,J9ALV3XG44
WJGS25TPZ2,YRXIZPJ6O8
MK17FUNMCK,O10WUX2RFCC
YSK2MFAWZF,4AW10WDHI0Z
NPXUWWWDOK,0M977O0QM6
0JTWTM51IQ,GCSGB20453
5YOA9G3MWZ,DOBIJWC3MH
H9RVLD6IM8,8841010BFKBN
N85E946470,I46KKFYU4C
POHITEJ44U,NXYJCTQ5RC
R3PL100V170,E2ZN7HTJ1C
UDIXJWXX7P,F8Z67C10BHL
MBD6TCRFMU,P6SL5RYL1X
ZMR5KM23HQ,Y988D5KYNC
2JMSDR105C,QNT6010KXHN
W8YCFJZ7AP,O4A8TNM0LK
2PQEGGZL67,NTBE698UW4
2I5M47ACK8,NJJYMWE4BR
QI8J10Y84FX,D5YDRSLPQY
10KB711T476,9AKL9UZ36L
Y54S8KSRU6,BO32DWKAJI
MV1C33D9MX,6MRD9IQGNX
9M4HR645VH,RG10BOPUIXS
7CK1ZIH4RB,T8EQUZQI6Q
ESFOFS1AT5,DLGUF441PT
107RAD2VE52,WENMR54GMR
O01G8K34K1,AM5GK5SXA8
EU10N7FF46C,IJS0DS9100J
XFVI343ZP1,YMOJMN49Y1
1XJ067MQQV,P5JWTEM4PE
WR210922GNX,M2XX2OUYCJ
2N8F940EWL,M014KX10UKP
DRZLB98H0R,KKTQPN4LT2
MATYFJAQ3S,IMODVE8LLN
3BU658PW45,0843JTQZVH
6KLL2VVVP8,IE63I5GP1H
KLAJ5HCMMB,OEFA107ZOA7
4DSAIB2RPW,UPTOEZE9JN
CG1FSX0BXD,58DXN10XI30
ZYRR9Y7V07,34A9VJ1XIB
10W5JEDC95B,2UNXNQZXFR
SC3ORJ1T5V,AMXTCD6MDZ
0LR2IV64510,UDQEWAY2VS
SQ6KLIN68I,0RUC0SBXNR
H1QI7DV24V,QAREI2J8V9
UL2WZS6YTW,LVAHKUK1100
N6910RW4F810,Z1NB3MJTV8
8IF517E910V,0SWHTMLN22
0YF58VKSMG,OOYWERASHH
DMKBJHBT106,R23J21KKLV
DQB3A5I10NI,2ZCZ2LBTJG
6SJ9101X10107,A8GU5VL10P6
4536Z39V05,VPXBT1MA42
30OU10EYF26,JSSMB10QHI1
2B3YJKZ6OY,ZSF10HEUZ10N
8GV2VQZ2CP,DMT350Q99G
4AAT0CVLAD,M10E0X4J10K3
MYYTZP36SP,1NW59H8FZF
5GKNPQPCBQ,TAUO96EBWO
9XI2Z8LFTT,O0ADZ06B9G
H10FMCV30WZ,2GXM5RL5UT
3SGQMUZ08V,JRCOP40J1A
WMZETZZSBU,GCK6ECKD78
6E4UVDHS1O,KCOFUPABOJ
10Q2CYBBPT7,410MPOHGPN5
K784XZQSAU,6KLODIC10PY
K20CAU104E0,99CILRZNB3
6VLA10ZPTDG,S7WAFMV2JB
SH3VR7RDU4,WZK1P5H4U9
HYBXCBN4V9,QY6310Z310100
ZZ0CA8LS68,0B10MWS7UNK
AP9104R4PAX,GS6BMB8BJT
2ZK9XQJBXC,HNVKTCED0E
8QTDSM2PA8,89DNRWBRPR
MGF5QGL116,HUTQQIB7CR
ZRFIWV64PC,ANLD101M2SX
S90YPOO10J,V10FTTWORNN
3AMSGWAITZ,OO55JHIAU4
0MK2Q54KLM,KCZZSHQR1R
NDT5SY3H8I,J8WE6BAJVU
8Q9SWEPML0,55X50FNARR
8UO8310E1VG,D106UFRS232
2LR9202WZY,OTM0GC4A10L
W0BZIU9DI5,03G2QI2SU0
5D33AGUSPN,FKPDLB611U
7MWW1ERS9T,VCOYXVX216
1IUCRWYUG7,9HES100TSG3
ZFSJ7OM4RI,4T93Z4KBLE
S92M60EL90,LQ9O99HD9Q
USDO0TXS5I,XPKM5AJ0100
UPZHXW6HR8,UZGVDWV7H6
I0Z8BF32LL,XP09WLDQXV
Q103H6VGMX4,A8OLSX8ARS
SICJLPJPCN,WX3DHG0BDG
RHQOXTS6FU,OVDN911L5B
AHCF6W6WWD,2CMICSOSN8
912UIUE1WG,9Q6C100IH5C
R6J3DG72TC,8RBOSUC2D7
JS8EE5IPYA,O4DXRS4RKQ
O8KQUR53KZ,ZLBR9Y51MC
O2D8WP3G5D,5DCENC7FTN
LYSWS1JJI5,58NQL61ULT
4OVRT4XJY10,WXGQ7PJXLT
510OPAX5PX4,2H8YPU0W3W
UH1AZ2ORVY,U6C6X3NXRD
5CBCCER428,JC1Z109860I
PPO10EW6W8F,Q109A96LE1S
AIY68H2D62,9CDWRSWDHD
HZU4YLKFUC,98PZ7D6UJP
1HIY69JK16,9FB9HG5L0G
YD6N6896GV,HF2FE5KJ7Z
ASVG51RI8Z,PWMTTFZHGM
ROBMCGAVLN,ZHS1V46W22
XPELKLV2KY,HZN1VBLMO8
L8Y2142B87,HZU7GJGWUH
YD5KB51087V,AA9KOG52P10
RCHOQQDKPG,OUTY8XG2W5
CD8XHVHW10G,E9PHQ1110TO
S8N86KQDLL,D10H1VLYK37
S31UA709L10,HP96EHK5XF
KUEI1AZ1TA,B5G1094OO30
OQ10C0IJH6W,VBHSZW203L
DX95DADX6N,ADJN49ACY10
106SC10SFEBR,NKM9P10B56O
BB6NVWL2E10,VP3CVNEWN4
4C10G1066HDD,TTZG0K0Y9Z
K13RKD7XQV,P6BHYUBKJ3
AFH10FDF7O,682U6IM60B
AUIOSNW5L1,S0INHWC2N9
JJZVQBBJRV,L9P5OIBJ36
L1J9KP2WDU,2Z4T104XP10Z
VYHCPEUP10N,AH5UYGZLSP
HNJO8G1087R,GUC1YSTQ6Q
8XBW5KL1QA,OI4JJH8D6J
7S0A8RSAHQ,VQM3Q5FW7X
7A0AEE8BR1,RN340N8A36
U23QOE0T3E,M107JRVNHX3
LKZNE6HRKM,OTC51ILPS8
B4VTO9ML15,WYBT40KNAU
O6UUNE5OPZ,6620XX776Z
9XRB6108V3D,ML5CU2JLSR
2UEPC3PV2V,HMITM43O1L
EOSV1JHUCY,7L88BEG8BY
10FI33GHFZF,O6L81JJ8LG
YWXAS4YEGN,VLETNRRS8T
HNONUX52JD,3BEJKZSALY
SV1VADDU109,1VGNX0W3N1
6D5JUW1QCS,UND5CZYG1M
3EI53Z30LO,N10NRITAOZ3
PTTZBP755D,KGQUAQUHZA
P87KX45XFQ,CT42Y8S66O
CA0ART2CL0,DT5LLZ2M33
ASR0V1V10OR,AG0EW4OG7P
6L0NCJ4K80,NMK8ORBL8C
T1W58M9RNL,YF0615I2RT
10L268417SZ,ST22GIZ4UY
WHJ2F8FK6P,UMUNUFI5S7
1ROE10D3PUB,59J10MPJISP
SHCTBAT59G,ZVDUMT3P20
KFFJ9QLSWY,HI1S72T4TS
T363V13LIA,Y9XPKWFDJO
T2IIWU10GY0,3DLGTBAHBU
VB3DAM8G7T,PLX97UL51O
ND6RIO71021,S7KBI4AC4K
9T5319AI7A,IEERT1UZ4V
T86PBPD8SC,LTOE75DQV5
5DR0SH5O3W,081WK1O9QS
40810RXSIOL,T56XSL33YJ
74ZA8GB6GQ,K0FI5GBZPD
DYOVEE8MZ2,UD9O3KM100Y
RSL108RALOD,14868PI6ST
E5G91BZUMV,9P5HTVVTDF
UQPRIEEMAO,8NVV07W0ZV
DD610Q6GZ62,V1Z7BBCU8Q
J8VOWMOT2P,10AMC8VVQGZ
GCX55ODQ10S,41CNO3JX2C
RIR10F5Y4R6,8RT7OIZBPB
J6OAIHP72V,K2UIF4CXXY
E5LLCCF92V,QASPS8BXGA
VKUXYSYVJQ,7I6V953Q7J
UUVVNGP671,T3ET9PDVQF
SJA36MKIZN,NNOGK2DNDV
FQCA2ONVN5,NJKRNAHXZI
FW4M44B3YG,B2C104DFJ5Y
QXJ2I107H5I,QNXZS3GS5O
NVDJNQS50K,YCDWVEUAQY
GQAEROODGW,XS7BG1GLNJ
B10IA5A3HLY,J7OYYWZSJN
AOW4M7K72W,HFN0HJBV10V
1AI5F34HHF,DBH3Q6P2ZZ
M1W1T6M7AG,9M10D10C310KP
QM50TS5HKL,N9KY2X4N7K
K1Q168MBGS,U10JPJDVAV0
F4QRBMRX0F,2R6S03V79C
0AQW5BL710U,QSNDRUN10PM
W41F6RKUD8,F9ZYZ7UMT2
HP108DN3IQZ,XLE9EYG7J1
10H0YLJ6ZUN,589UZ4SKFN
YLO9H2U2LX,3QBXDN5U4Z
QRTP40IAZ5,TE8BZ9Q83I
XW39710A232,BQTIQA69VK
LQIYIWLVIF,3RKPRTKSBF
CNP106T5S14,XCE182QV89
9S8EJOK053,EDZ8JRNYXI
RNX6WMFMVJ,QWAPEC4GR7
KGMQ75IE5X,F0I3X93CEB
K36EXNMWS1,TNFWHP310OV
OY9XPVD61J,SN8O55KT5W
AXK101BQM5E,HXGDUWUOHV
498O9EIBWL,9QL2YLPW110
05E9IYXIME,KHHG3P4L6O
96T1LJJKAG,5MP10KN21A1
FW1J8T42WP,VE3T6WT10CY
10S4Y4DOHD7,33OZWA8DKT
H2JH9NVV108,WLSY6YECM5
R62AX5EGT7,8LS0Y2ASGU
MWQZ10KV5M6,PUH6ZZRAP3
MDG10G1HNWU,RWBV21CLTB
QA8OI0FN1T,35AXLU6210G
DSMGPFZ10LD,LKAI6YKKNP
6M10Z10TKYLU,RDDKNQ78O10
8CRBMHO0GC,T6FY1JV9J5
5AE36486ON,TQU6K2076O
O3GE5BEWRW,IA2FMHBZTU
08OB7DAMBU,GV7XVHNIH6
B0SWYJMFXJ,HKGLI1UKVL
KVEFG107UL7,R2V4NN51QH
I2F2MRMXZS,V7RXD16PDO
2JDK0M1ARQ,MJWETTG818
GOYNSVE10PN,IW40EL1597
5KHXGXMBQB,0SR2891GQX
DT5PE6E107I,HUO2G92Y108
1AOWFQ1FB2,NV0707BNAR
I6Q9V8IUF0,ECJ0039AJY
10XTR9XJ511,FR6ABO0V0U
KOHFCK13HD,C6MFZC6H09
MN51UQEUGT,CTGOQ2UYP6
SYDAWL7OT9,Z86QOAPDC5
8G6V10YYZFW,AJG0CSAXXP
QFK6FSI7L1,2OZURKI2P4
CMK4Z5S4PT,CH7INFCX6H
IKEYCWZQAF,E0N50IZOGC
9WMIIV3GGL,1FTR9BKUAA
9U968Y9I3N,OR0O9IFZI4
3A00DSSPTS,J8O76FJQDV
44367AI3Q2,U2JY3K8VBQ
V6KXGFBKWU,7YR898WATU
29H9TZNQ8F,Z4SHRZZ7H2
LWNCNUGFOC,HCPGSTOAJ4
RVS6KUN6UT,G5EMHWAS8R
C4SKKHFY60,BD61F8HFQ2
UWSCIS9686,C10A6XZXWGI
00HT5IEOUH,AXKY0CWZSW
EBCNBF0QRB,WBK6V7MWQ3
5DD86ZMBNT,VLU8DVL1A1
Q9F7R7OHLT,J0RI1O4J86
V10GMLBXKFD,J6QZEENYDY
PW67PQUYWU,L15BQ7HJDL
8IMLHUQPSN,XX2UT72A05
1G10F10XUJRR,OUUOF4D8CN
JR5LLAFCFG,I0LNTB9UM9
PKF710FSVX0,OF1WQQ510F3
ZU8DMN44V7,1FKKTZ43BH
E58Y1GIHML,W10782MKAQC
N10KCP05990,8E2KN03IWE
9KV83101VCB,UCHY10CLSM10
6DL04T300B,3PTP1ANWW6
76WFD7M10R6,FD86A9Q00J
O2JB2HJ2101,QS24EDGAXQ
CU6A1H7U107,YXHCQWB3QU
Y38PNFP7I7,QBFID9IHD1
ZOK5YT410KH,4WOG795QMF
9FV1010GAPAL,OWOX8BO7B8
J6OBFCCBDQ,28UHB7LZ105
JP04K1BPJ1,J4CQZMF5FZ
ZP2RH1078Q6,ELE7JVV21V
I57X10OKK5F,SF1VPQ27W9
TRXQ49PYWK,6969AZNIYS
CY37NGQRZU,ZA10QM2OO51
43STYFVMZ4,SRU22UXKNF
48DY8PZ9V8,CWNKJFZ154
PCT3JPC982,10LEAWCBU00
KIVGKLVGY8,59DLL445WQ
WNBDLAW44V,10MV28YG6IO
X56HCV8U9F,2YOVCUQ4UR
K108DS0FF9O,8AYZS174FQ
Q8U4SFGXYU,LRF1U33D37
66KV9C62QV,24SE81YZ6B
DR10RPAJ2T4,M8LP10P96T0
MXZAAJD8NO,EL10XUQ6RC3
SOS79LE8QF,CKLN10GM2M3
606DFDZCX7,10YG20I89D5
NPT710B97H7,IESY4YRGYH
G10S0JPNEWF,QAZE94P9GW
1UNNKI2D00,NG7OCOLDAE
T8YMSPCXOJ,1XONY6B9AG
Z10GUN2RE7N,76SPS0OL5K
01010BJTPCF4,4ICA10NSEMP
T40AA1070EV,5BUZ03399O
74U10CRLKGK,89HX3YOXCU
Q95YSRBDHZ,C2WMB7MFOO
UC1DCQ0MG5,IT0C0U7NR2
KI32OCY1IN,CNWW9N0L3H
K0860FS910S,MVQKDIFT46
9XW283J3TC,UK415PFIHP
WUBR835SXW,URTV8I48O8
BN8U0VRST2,BMCW6MEIS10
X92H4ADGAK,DW89105RIL
R199OUMYWH,XNOAR2J1O0
9VD0SIWWNU,C42PJO3Q2D
RKD1W7RXYP,NM3PNOKU9M
OOKJ5VSM2I,CPN9APG10CP
D89L9QK5MH,J10870ET4GD
970U010THJE,D1Q5CBVX82
99RD6QEXKC,O5YC2K70IQ
DCPQMWWIWG,T11UBXF710T
F2CN0BE5OV,9QXPONOD3X
LM97PJNJ7O,JEQ1ZP10RRZ
MUU10GU10MBQ,HM10HBNC5GM
Q6O5PCRVKD,YVBX716RVN
BWTE0Z10I1,Y4GUXB1X72
KB5A1K3OSO,ND510G2SKA10
4YRKCHL8XP,N8HLLQTKPG
FZD554DF08,210WB9FI9H3
ACLO7E3C6Z,1RTTPO95Q7
ANNE8M7AHZ,10PGOLOY9LC
UGRNAGLN7G,YNNF8DKKKW
10S402W742F,L2M07Z5IAM
8G9SCCSYIQ,488IAS3M1K
1F10VIPFYHL,XTXTJ10XG6P
DOR02B73BA,VETUUYBKET
4508T3EKUY,6SBNXDD2DY
JZ398XIBSJ,V10O106N24RJ
WNL9S0X102L,IDXP0PN9WR
BH9MB5WZWK,10ZLPCJ72Z8
L4GSIM108YF,Y3KZBW7RI6
V0KU6JMQI10,JEQRE0EBAX
PZT05S3X9Y,8KL77AT48P
S5U6F3KHBZ,MJJQVU3WH0
J6JV2ZJ67Z,F10S6AXSL10A
QSL6UJAEGC,AM4QWIK17A
J0RLCA4XJR,LGLL53I8P10
VU4XI3Z1V6,OYFBTCC10MF
FS4GVSNU5X,Z07D30RMGV
QVGVLIQKR8,S2UJ082P1S
KMNZY3PNPC,1SL31GSP10J
BD8T87KKTJ,Z1109WKOML2
GG384OQJAI,YG5BTQ8MCA
8TH29NQZZ8,KE710T83GEV
M1SYVC8RX7,2AC893WELA
AO19W88BYG,D280OZTZIN
10RB4DQU3L5,8MWPP4WVYI
P10HACH73WZ,6RML057KDI
Q3H99OZ9X7,PDLWS2MGTV
KAOFNVDAS7,XBSSOTGS8I
1UGGW7SNIT,C103ZADHIL4
SECZCDAG3H,03O0QAY6ZR
3UO6SMPEZ1,2O9N6303Z7
VU3X10JAUU,QLEYIPZCGX
T2MXJ40BVP,A081K0AGZR
M7M7G10E10U0,CD110TPH95C
VXUIACCCUH,THQGUKZ10AB
Q5UY32N63J,NSKEC6D4Z2
OIXQT2IHC7,D7RPCESE5Y
FRK3090G8F,AIG7RKL10XZ
ACPV75CZSB,ELQQAO7AHB
FTEFCL6T4K,AIVZ0R1V2P
15FN8VGEXM,OASBTOSHSJ
P4J9JFNNYM,QY6YAKBN0N
866XL7PGP8,QGIDIHAVEF
NBG610SNF6J,NJ80BDGXKX
6KP3K7KEW9,Z9MIVMEOFC
O4I4JFPSTG,NX8VFLZ4UW
UHKHWQN0B1,TUL21ALV1R
YQZI0XQ10I1,EX08WLHIII
60U3VCB17D,4Y4KBHOL7G
N7MUZWISYP,ZCTSK241AY
BBLAWJDINS,FGL10KVR1FG
FQHSXTPV91,X710TU8856F
6974IEIJKR,H6Y610OBTDA
HP7ASXD4OL,K4SJLV3KWE
XOX2XDQ2JX,7T11090682V
Q41NBHNR12,P32I4JPVJE
NW6ZIS4XY6,U23Q07OR4J
SL55BIDH5T,3Z3OKZWJUM
XC7W1P2ZS5,WUDPRI10IXK
LNQMFW88DN,UGRMP92V5G
MBK7JATS10C,W57DUNK109C
CP1IE0P5EV,2KQ6SFPR1010
XBU82ABB05,UGAKL0PNK4
FURHC18WZ10,BGJS6ZKGGU
3W10SGPAY510,U1CT29256O
91IYK6FR0C,TUW68R856N
6GGOCOFJLD,2LRYCK1W4F
EH425B16QT,3YPJ57Q6VT
NEMOJ78N6R,93BJD1F6Q8
OBYRBCC2VH,WRPPIHV20I
60D0VZ10N44,AVQYUA5FAQ
NZWH2ZSGW1,5S7P40OSP6
MOESSS3IUC,V7PX46C3W7
Y0AQC7710RS,2ZD1287RUZ
9DO6EAPYWE,TM10H7C4SX0
4QN13010HW7,09BUFCJ1WB
OYO6DNJOKI,LEI7ISXGJZ
CC1D104U4YY,61T4MIHKPJ
5CL92EURKH,TP2109KYSR0
2UMLDAA8JC,LJQ8O7GUTB
3C9JOA01F7,HSG9JXGCF2
T8JHB100QHD,BJMJA9GAXN
R7310QR1K10W,EKBZ9VDHA3
O4Z10W3P1YL,YLIJR5S1UA
M0VUJS09H8,9YFCWZP10R1
ICEP3UXR10Z,7RUEKYNC9D
65A9EC88WT,MPS4U478NF
SDWYMWDYIV,5B4ZGZMPMA
L0P0QIRC83,CWL8WZW7VG
8956TUZI75,C2QG1519LA
AP31TKLFP2,ML4KBXEGNO
NKZCYR7L2V,TE76BHHFY4
7Q08ZGD22U,RPGUC4BGWU
19R91KX10BG,BO10UTN8SXK
E51EK3S2K2,94W8LDF4VG
14KYQ71021I,BLYBOCMFK6
258JTCFGTY,EO9V10YB0ZJ
GIL4AH10JNB,D4I97LY051
K7JG0SS6OI,CN9FWK3L106
M8T28C10HWX,0YLMOSYYKY
TIH2F26MB0,L8PDFK5AGT
6LCPYSUDFF,KYPVZZ69MI
YFGJHT5KWM,8X3W10FKGQ4
L5R8R5OC45,KC1Z4TG7FJ
B5D110RHX0B,A4R4TYZOD6
Z104DEIF103L,U4ZUMC29P10
175XNDSX76,21K04D87IP
YIOJIUYTYI,Q8ME2UKYBY
SULOG8LN9U,0U685QTDPU
ICAI18RLL3,2BCL6910YVS
N32COXM0G3,QXMV8MTQYO
PK3FYJV2NC,MC1010VH5YIB
NPO7O5EHT5,X0S1XVJN8B
10T54FAOBRO,DBHA3DO6HB
410S5QS1IC6,BF8UNJZPNI
0GH6XQ6GYA,VIV2FJYIZ0
TQ9JVD5IC0,8Q6FYC10R5D
9L83DQ101CX,O9VD5KNZ1I
LGQG6F10CQ10,OWN8PKZ4ER
3WA10W32FHN,FW5JBP7LPB
ERTDDMSUGO,LPF8ZDNXH2
2CF0QOYHTT,X5VPVJP9TZ
21OJSK6XH8,KRRSDP4FC1
WZR85MT10WA,TEK7QOA1SF
R8918D8AE0,ZEA1L101YI8
GS5HL3AQ1W,HBURQQ10JN1
OTQ3O010ZDG,4ANPOUAFBP
M71BB1QNTB,I8PHABJLAU
DEAHFW5KQJ,LR5SJ1J824
JV4AGA1QBP,GKD637DW0F
KEF1U8SITK,J3TUESGVFP
GCESAHJSD2,8BIU0KGQMU
2W1O04HTPW,10EEODH310FH
KYTGPU9TMA,VLNOYHFRJX
GIBV8U10H7C,E10VXWE69TZ
XTY69AYJ410,CU0U6JVN4Q
KSO710203JL,T99DCRX8XB
MT7101GPKMI,TZ2810B5M3F
10GNW1C96PK,F4PZ4TVNQT
ATAUCAW0PZ,POBYC7FF10W
GQ4LOI8BZ1,860AW5O3BC
Q3FPROVGY4,5AK8V0HSJB
F2IC47WDN9,6T03C7U5QQ
1ENT64KC76,5TI3S0GFIH
WPSAO5MC60,IPTQ97ZI8V
TD204C6KGT,DIGWWZ7N98
DWQNPCCYGL,R7V3EE0CHV
34HO384N2P,O81HGLK53B
6UB93UG0X5,P1ZYMFUTO6
X0IA2310TY1,U8Z4LD2V64
8HQSPIB5JM,S451HX101010S
OUROTG2DT0,JC2J6R9MML
BJI3PC10X8W,L2ZSCF61YQ
VDLNSZW10AD,4M12AMVXR2
H5LKFNX100X,1P1A8W8BCW
V8IGQUCGGT,S101032147GX
3POJAKP10KV,SS9AVWYN1010
919HKPI9XE,J24X4LU410H
EE92I5EW10D,MWOUVJSWN10
6L312GPHDX,DQS9R1NWT8
6VQHSG9S4Q,9MRU6IAP3Y
U9C0KVA8IY,NCQNO9KKSM
CCBPVP8NXC,JL0FRD8371
UUN2JC984B,3A102LE45D5
C71H4QEJ80,A9QV4704Q3
2AGZN80KSR,D1XMRIO0FY
8WDISTDZN4,AY5O9UQK5P
OK04I7I2D0,GN7GW76ETJ
S4WEWX2JVP,ID5ZYHND38
8100C7RUONE,69MA10UMXAC
CQJ8C10QSKO,ER53MCIFFB
6YWTZ78CEZ,2WFBKTLLP1
7L102MD3OTE,6D0IH6MWCX
DV4JDP1TW2,PFX3ARLYPJ
BFXMTVRFG4,EBF08UBIU3
61IF7U89C0,103EUHGP1066
YNUA38CQS2,HYK68T30TN
RDDJ4KIWVM,E6KWOYHW4G
3XMSGE7DTD,HLYDXGCBED
BHKULO3RUB,8DJ136ZM1U
K386O7BKFA,T7O1HTD6RL
1101001IAT4Y,LIX70Z84GN
UYAMYD2ZVD,6RHNMJYMG9
C5CYVD86RJ,UEYZFPB4310
I310W5ELDO7,NYQVPF0H1A
7D3CZZHLF3,T36KDZVQN1
EMM10PPF0IG,1BV50I7QIR
KOE2KT4CPJ,0NTMLSSYZW
1JF10N8HTPT,1MOC4N79P1
I4ZEUZ49MC,BVL10OFP1ES
A49MYN76UY,O8TOXE0GP4
XXIE2MEK3B,H41CRK7FAO
LA8B45VYRP,I4C8KOVQQX
LKZPLOQRGE,GF3T928ZEB
GZ210QK4A9P,IR6ZGBI6G2
SQJARJI605,U4OKLMMGMU
5XFB6XENJK,1019S0P11E1
19BW91610C9,X4I4ZJCXL0
RC10R7T6UKI,YV80JIHGKI
5DF115LGE8,UO410CDVZAJ
0Q9U8F76KX,6DJGVLG9S4
YGXIBEZ9HI,M26105Y4D8Z
G5G6534KPK,10WZ2L1XE6X
NBKW8TI10LF,GAG5GRQTG6
10KVX39IYOZ,D3YRVOH390
CD0SHEMMTY,RP5AIOPGDF
1P6JO186U3,WNHD21AWKE
F0SUGV9BAZ,EZVN2CNM8O
HXVMM8WJ7W,8K8MHHC4S2
ZAGR7DF0FZ,JAVMKIQFLL
AYS4RHA62I,BA1226I6ZL
NU1HUM2JE7,TMZVYR9H1T
OW5A43Y630,ZY7JLBNWK4
84RRMJ38NB,XESB6IA1010W
HUSZQ148SN,IWY2TPJB5C
3IV2WLHSON,BR7LOJK10BH
3X6J810XIUE,FGMJCKHMCL
P04T8LIKI1,AKMFNIXQNQ
ISCMA5XS2H,8Z100WLS589
M9OFZTQ0EW,BGATCA81018
LCZ12UMRSH,9O7YSLJLIY
KJLXYKD5NC,WVBWW10WJ1Q
DBWWFTBGDX,D933AMWIRN
RQ4101098TJZ,JMB5TF9VLV
UQZ10EWFD6S,AND5MEQ0NL
7KTYUYKYOG,K8A7ZWRR4B
22MGGFWZTU,TSQEF4DPTW
FHQPG6W5V9,210F6AM1TYR
DXW9PKABVA,TL8Y19CCNZ
GOBXEPCOB2,Z8P50UUGPX
JHBTIUK6HR,Y53G265AWY
RMAKYE4B27,2PSIOQOOGV
3DK0TNYGGN,8TR0MF96VC
K2D10A1TZDW,3RUZMBYMP1
JBRBU5MR10V,SHCGNHKTCN
DTG27T71UA,Q3RMCOGI29
SZBRMITPHG,9NJJD09AXM
M6XUIGSZJM,DNWDQ5Y9C8
P3SVK5DBEA,6HMVPG9Z19
8OAPIGWI06,B2ZQJ2UR77
YUOHWN2P6P,FM4V85PT69
ALMZ5FNZTE,H8J7QMEW6P
3EE6APOUPT,BN1H9EBSBD
8QT8P0PXPP,WWDHMNMWSW
4FNZ7KF8A9,106UJOVAF6M
ACT0H7ZEUL,AELJVJESUS
VMWQ26O87R,YWH10LFISUM
Y104WK53EPZ,10V0KMLYH3A
EYATR8PQWC,GU0EQRVYKT
NXK9FH2V73,WLX0AKEWKH
IVYEHGQ82C,54104VKWF35
MRG7Y819P3,GIKYCE48IO
WHA6M10EN1Q,K065MZBLDT
A8Q7GQ1510I,JLTQLQNYJM
HCM0VN5SZL,X3F1KZW2TW
UYA1HDSTA8,RVXSDJ6DBP
SKXKY263C0,9YY4UNUO10V
781GC10N4Q4,829Y4DDK4C
5URVV4LI9U,Z3QXP9C710V
H1IILEC210F,R5M1VWVBZE
FAN38MULR10,L10RK03JB8D
SNQCQFP7AU,682GAGSTBD
9OOFVSL0W6,VOWUIV0H25
LM9JDJU3SD,U9MRYR9WMH
S77UR10KCWS,AMYN2H106KH
WB0O06EQ3N,5S0BMV3V0T
OJ4R3C5AT6,O4QH10UX04M
8DELD0RPPQ,49T31KVSPH
1STBMMDNG2,0MJKU5WPHK
OG8RIKMZF3,YR2UW5U1ZH
53923UIBSP,WG710H10WCNN
72TBHLG7EW,OJ20C5GQLM
F103ZUUOLLT,P8CFSB106NH
HYFHWLNPG9,J9EWXK1BEN
P2KZ395ML8,SI9Q1QK99C
6BJ8LSA5NW,LQ9OUGGTYM
XK5RLS10TBF,GJRLL1LF1V
WG5LKT2UUG,JJRL7ZTLIH
L6SC6J6GJR,C7NP53SYOV
4XMSX10U9610,D8STZFVXAN
TDSYSX7RJL,10VULFIEB5C
5OWLHOVA88,C2QTK1PC6R
HEUPN66SJQ,P9J8CREBZP
7AG5X8CU6T,H80M8DU1MH
7X27IP21QO,BLSQKF9QTP
XM50SUQE47,PBYKM3WBEC
A5MB610786H,M5WTNRY5KY
LD0RZL5R74,MN3PJB8SW9
AFFDOPL4IT,AXOR7CM1AG
NJIY3FO9B4,H09QECJC07
88X4A010XOH,G5OHKJQXX1
10O2A0XSZAX,GCRVK10C6PY
Y0JMJD0WSV,K7IESST7K5
CM9R4HCK4U,1GN5QZX059
UX10YNXOX101,VJJZHH9U97
PCFL9P0UTB,AGV718V9TT
N510HA10NMQL,9ZJYLB2Z0V
XMSPD10ZRGG,1ILY5Q13RV
FIIX10810FGU,3HQJNX10JV1
LUUIN7CPBZ,5106BFI4BCF
15L2BDWPXD,54YNYRDD101
MEL21JR0MH,BGJ9S8R9L4
PMVVCG21O2,CG7GAZRCNH
YVCOQFOCC5,84FF0RJWMH
7EA4KQF134,KNXTN6FAIS
U102M1P43H4,CUT3V8X1B6
WUCS8K2BHX,NR6YA108M6G
L9JMBDPPH2,LJ64R1JTKH
810D2CSHJEW,C9M7Q16D4T
W8NEQ1JMKW,PHY03SIY45
J8V026VW2H,L73JV8V6UI
3ZEQERMQS2,Z62E1H7USV
K9XW5GX2YY,7J24ZBAB3X
7RXJI410104R,YHR10LC4NNW
WY21010RWFDJ,M10PV010G5D5
VBQFH6QMRG,UTTST2BDBU
K6M8RDK7CK,999FX6I55F
P2362NC1G7,J0NKDFKLVY
FGD8T6BDT6,BCA6C98ALX
VM1008M4ZRD,T65KKJ7MQ1
WK5LO7KRJB,1PMSJLJG7X
0CUHVEGWWZ,V94T7798YG
LSHEGVD0A2,11036XM7MOT
10OHE09J2L10,HQXBP3MG7G
SGH66G1BNJ,GV64JB53SL
M1Y10F0XRO1,3BV6PCNP0U
E107QVB8ATC,4VKSGLIE09
3UM6AHBEZS,1ZS505NH38
60YSO4LSXN,TATBD8IQQ4
3MGD43A10A3,IOSZT8QDP9
KQQTLG9VVI,EKV0IKC8TD
QA37G0WTC1,GVZX5B10JP0
X034J0SHWP,RDBBT1EQ9J
M7F9G91HNC,LSMK6OQOKX
EBR00U7KLX,74TKVA4PW6
06I39V404W,72M0FNMXL8
BFHG957KI1,IHKO7HP8LN
K0YTIHM9J10,FFAX82YVE9
5VL106H55FL,12A10686MLY
VC46PHDKID,TBKW2YA458
VR5OSKCVOE,WVJC108OLFF
U10M0102GSSB,BKP010D9DLD
5ZK5R610BN5,C025P84ZPT
8JYUBQGV0O,BGJ010V83B4
QKGEAW3D29,1OUEI50XJ2
5S1BD529SV,7L54I653PL
9OGBC0QKZN,NLL7C5QD48
KSPZUTVABU,Y5ION3U5OI
RKIPQH210T7,ZCDU5M5H9X
IPP78TA04X,9R9JT10Y20D
YIYJT10M39Z,53P10110OUAG
290OUB4L62,DQCI09Q632
W7UFNYJT6U,7SSR9ZR0M2
0XFIG7KZ42,Z392U4LQ02
R105AMM2NMT,G6HOUDRNP4
PMI8UP6Q5L,10YI78V65NU
SO2XPS1JJL,Z19BPL610GU
742JWZIQMX,L82HOMT1UK
556V5RI10J10,UEJAY54QQS
9FPUTEEH3C,0NSAAILEFN
NLW1FZWKDP,01QSTJ610YI
FBC2HT5TRJ,ROB310S62XK
EJML10ENGOI,3FWMCQURHN
GUR10UAAIP0,Z10SSKRA9A9
MC15Q07E1B,3HDPXN9QTZ
ESED33WJTV,GKQOSCSEW6
FJ55I46PC1,ZZA8S5V5M3
3LUPW2V2EQ,4N5IKKCRP0
KBY52Z4GD4,3JKGZWK5RT
LZEJEMJPDC,R8RMFS9XPB
3W5BHD7AEH,6Y7EKOM6QV
ZRBA33CG32,EJLZ5RFVXT
3569N7M1GS,DR3C01XQI6
GYLLKW6URX,NRZ3BOANVT
7D5C06YALH,CDHA5Q47ZF
02F1SJEUWF,UZMW5Z1XB3
0IOOZ2KOF10,WQX2QIQVLK
TM2D10I1BPL,5SLUTPAN6B
5MS9XNT5VO,PWG0JC410I0
ZST10ATBC1J,I9YPGO6VPB
VF3109CRCB10,M042GI98UQ
IC9EPOSO12,10LRRZCX965
OVMTZE5CRR,XG19KAECWJ
7GWUA3SG50,XR10WYS7GZY
ZEIFO53AAU,IZA2ZO2LQ10
N6I9HSCZDR,VR4PSYURZE
TL2DUCZSGC,MTCDKTS0EI
I0XVUR158P,CNI8GX0V9K
8E3MFDVHSL,RXOWYGB10L9
0V8KTCYZQX,H23ILILAUM
PUEN1E10KY9,YQVKF4706T
CSX12NECA2,FZVVX6L4R4
4I10LVCGWC1,IK8QVR10C0A
UIZAMMGE2H,K3FRNZYPUH
1DPWRJZHLG,YW9510T088Y
KSV9A4X242,DH4YQTU615
TDK89MDA44,9Q4Z1MFZM5
TASAF1LK210,C10LDQHZCM5
HIO3R31SOG,FTMA1QS7R1
ZBDYD9P8CW,A5105VQU571
Q7EJDZ3ZSN,2MUMT56F2I
TFBP0PPZAZ,U2VV1EOH6O
3UH6HSUGX2,ZKGXRPH7AS
Y2DW23KZO0,DMW7UI5UGP
IGG0B3BWDR,K4FY9Y4OF2
YBF1FY7CU8,67WSC4W5E8
9GNK5QX355,RGE3810Q80O
UG2KA681F0,BH5M0BGIRW
1GFTQLE1L2,HPD6XNNZV3
EZZHUAV710J,10GO7Q010VRQ
4095109146D,DCPBELWFH1
SNNRPXJCIZ,Y4A8L3XZPO
1JD4010HT17,9EVDF6YY8H
IUXU6F9O7J,68JIRVJ1E8
8NI4KB8RNG,765MLKCAX5
SCE9S0PUXV,M9I5BT9H6K
KIH7121DCK,LRORI06UB1
M3718DUYLA,ZKXZGP0KQI
L9EROVXV9F,9ECL0TSBRH
94GHSA1PQU,QG0H1084S8W
LMBBI4L80O,VHB7NK1068T
007W6497109,1SZCFZY0ZK
51ECU1P0LV,ZD7H2TZUO1
B10VP9CUF6R,PR10SBS9RTK
U37KQXF8LZ,QHJ8UNWUR8
GZK06JZJG6,BGANP10MLFF
AQWMEXBBXQ,TH1G6NXLFI
SXMM3PJL3Q,M3Y4T0E891
ETFJ2KJBRM,OEZAHTYK8D
XV10X10T7Y0F,M3OM5MKJD9
3Q4903B9QJ,AGHFAW6FKY
CD9QRAE3TX,K3NHW0LQWH
8M62BE17E6,F10A426RR5O
V5IKTMQZD0,JAN1EMCYHS
OKVXUYH8ZE,26PM4QU0SU
0EW38TUSN4,2Y2U6G5Y1D
ICJMEUZQ23,RGMTWV4Q0G
5YEKE3Z46B,VNDAF10B0XV
4G7MJ1062L1,6YL610H0O8E
ZHVX10LKIB4,JNLW4W54ZC
3108S6DH95Q,KAQ8G8OSOY
3MF0Z9RT3H,24V7UJ0QKE
AVR9WLVLZ7,8EA7W7T13C
MGZFA2E0SU,HXKQ57SSPG
F08UACHGMB,HO10GG8I10WY
GSYELEC8QS,7ULCMTCS9B
BBYJO50TM7,WHRMTC962E
R6R1080JWSA,SCN832DCSS
EWLLJXED2D,JGRXPRFDO5
G5MD75E073,6JV8SQO5BM
C4QXQ1DU03,KB25H19IAU
JXH4WTMLCW,4WFR2UQTEE
34A7EY46PB,6NP4BAD0BP
TCEK6VC0R9,XPIBWEZ6F2
58Z88RPFLR,3ZDKBRJWQY
5T10FL7P4R1,AE71N4XH93
KGA0UTJ3O9,8O4QOCMKIE
ZKJNT7DKGV,CAWO5ML5E6
G8ZUC39286,R5AQZ1106JR
QWAV9XONY2,GW2P10U1JNX
PG1010TUKPQ1,QQR6BR1HWZ
DPF81D6RXI,24RF8UN32U
EGYND0UUS10,2BC64AZAR10
62K9GR10PQD,CHK1E2YE1I
CMC2VBHD3K,Z7WLV80Z8S
78HJWCDT1N,C5Y0HWHZQS
1QANQCNZVQ,TC0CI9KL8G
3NS9P35EO10,FUGELSRPYS
VSP3A95LQI,10ZW8HDS61L
ACAQW5ZITA,LEFAVFVGPT
LJC2RW95V7,UFTPULLSZQ
BF3529NGTH,R6RXC25CJ4
6OT7A3O90K,T5104QMRHSR
RQUTXSNDDU,Q0GQE71M64
FFR10U4EBZ6,105WAS15OG
H4ALXZ1SRG,IDYFZESOB7
YB9ZIIFIV3,GYSWCY8KGT
T9WMUAXH34,UHITV3MAOK
S8U3LAGDRJ,5ILPY4W4I10
I4L8101PO78,JJ74SS398P
B6GF1RCDBJ,10D9PCDJWH10
109P2K0PDFW,TS21072SL3J
INY5LCMLH6,M3EMTWUKYB
FRMM51HMHP,M42DW77U3J
IG51QB6XKE,D3QH67UNKD
61C0BC3EU8,XM5Q9ODR6P
NYNE1KQT1T,AD3IZGO0J8
US9OU5PE89,ZPHZK2CUUZ
6OYE06ZSE5,AB7XT5U05O
E84UNQTBOY,598PKRW1LO
X9XNNO6ZT4,2AD105TJDDW
V072UN30WL,0POQTY1060A
FQW1062QD10S,8R0D7U3JNF
JF53ZI1WT7,LB2PJHHMW5
1EEWI1S3G6,UM4WVATOML
3YI2CKXOXR,FQGWZJFGBE
IXUCEKO6LA,YU6M1JX2L6
52574K9QM10,XHCU4QNB103
31TZB5JNG9,KC69YO4VKW
DDK0IXMGEU,XDBY6RV80H
RZ16DQU7T7,5X5B7BONPD
X6G1T0D7J8,2HWVO104S8F
CEYJ91003X2,CIS2I7M1BB
CKFIQCAEJ10,Q100YYUF3WO
TSE4WR770V,61AYD6U3DC
67B9QLYAXJ,2MMVQ9U8K2
LUIMW5TK2C,HC105X5S6TA
6IAGBI108D7,CUH613N6HE
AUT7J7W1AN,J6SNPQESF10
YWUGI6T13W,Q4KCMWIATA
5NS2IBQ2IC,JWS33PGBG4
95JSKXS7DX,F3F6EXRG0Y
710KSDEWZJ4,055KK0RUMJ
HDL0Y8G0RU,ZKKJXVQ7UN
J6AT1XZK3V,6T5T710HZHV
7NMN2T5J22,K10U79780XI
T1II46J10Z2,H8BCTV4MWH
SF69ANEYWR,GKOXA0LDUI
E5B3MJ2S6D,V6LFD10G7V6
R60V10ZRX6T,6VCGUZQI107
MVHV07W6105,8KUFFL10FS9
UBT3B8AY25,6SQA9D35OH
QJRTAMUN0V,TB8XH7QLSP
AFCR470ETF,5RY94BZQZO
NM5REEO7IH,NS71110IUW0
Y1VWO6BCQX,NDHO34UX09
W2W2QMEJ2P,KQOHCU549V
CRYBN3IHXG,A30NMWOJQW
B6Z8W3NOO9,FTP7RXZO9Y
4FZ4OK6EPA,4R7M5TN10JT
QCV2TK1021E,IJQB9QZRFN
89RL0JPBSQ,4RSKKHXQI2
1S10N5F1HRK,0A7BJH6D510
K9VKYRELFP,H22DKG1L90
VOTYIP9WOQ,MVIR9TN6ZU
9SD2FOT9I5,CG648TOMHN
VVCXI32NO2,705N3VD5R8
SEY8T7A53P,LZI633627P
RG024OBJZ7,TORUJ70ECM
H19INNVNTR,SJKJA4109DQ
Q368EF71NH,8NB41YLLK7
X42L10P3TBA,10FI0ITPQEY
T106F3SL10UU,DF6M1TIZ2J
S99N3617V4,3C8Y0LC1UP
XX84VDZHCW,J2Y1D8JVZD
BNUCRVV864,NOROQ3BL9B
K10YSRPGBW6,2IGHT3JILV
6OM9PXD7X1,CZMBVD4T0K
7B9BA159X6,AVRNSKWRG3
DKFWYHOVH2,TH3ALMKZOW
BK5LQ890UA,OIA2L0FNVX
D24WDZECE8,CMNDHSR1058
81J10BAUC7V,HLCDAP5T9Z
KTFB3DZKID,SMTF2XCT9P
Y2VEH4ASWQ,B9RLCI03S3
V6D9VC6212,007TQ8HN8J
3P2Z17V4OK,W11E10UPFPY
R2U9X10G81Z,0VZ3PZBN5L
2PKYP2XKB5,RJTU10G792P
AS10IR79QU8,0T58U1PUM5
LMJSVQ5WQS,C702AVJBE0
ROLS3V10MKF,O7BV7LZ1F2
AM8S71BNZR,A5FN98U4JU
W84KA2S86A,E8L10BTBJSN
6GRVD73M98,8ZRBMKS0RL
3VO55ZJEHM,V4RZ10YLLO5
UPA6MKNV8R,4XHQDZX1VL
0T6R89RCOO,25UFX58N18
AC1NC56JTM,355YEY7106K
QDK10BQJ1JS,T68O2T610KR
IXT4BOLONC,GE2W14GQPC
AOXLWI71YA,X87LE8ORPV
SG8ZJ3L3OU,GGUOP10O9010
34U9DDFC7O,LKATVUH0TO
S0610F10MV6O,EOBLSB3QSY
MO0HNOY2Z7,ZITDNYF5J5
EUPP35V7RH,DLGXK9MZFC
C2O9B28OSL,D9TYFRAJ41
101HZX8UAMX,I2HNTOQMWK
X9CIBTKS7B,W4Z5AYJNJB
493FEKG1Y2,5MHB2D5410R
YJERYWIGKX,W80G92JF3D
MWSMZVEFYP,7WV1R5G2Q9
9FMJBKZL38,V10LHJNYL1O
5YYHWM4Y6W,AJXLTFPD4F
AC6KUZ1MAP,GP1A6SWET1
O7AZ83P014,QQEGCQV9B7
6HHD9PITQF,YA210YAR6MA
PV105ZH10FZ,HEC8BY10KU7
X7SZWOMYPG,7104CKX61TX
A8DQU8BQHQ,FV8K3O7BB1
GB4L32AMGD,K3R3ZJU5510
0FNGL2MGM5,NC2SHM4YFV
QNLE38B3BU,2TK7NNRBPI
10HLFZA7K1J,HLG24KED10D
5XSRD448VM,20MG438BTH
101OLLHE9T6,XA7QQNPNQW
Z10IAHC1WXJ,EMD9MFO0FJ
Z0U533WV0A,4HJ7GKWMV9
A33VY0VGG0,4CU28E5G7K
SVSP641DVJ,VZDAPL59AZ
N6GX2LEP4F,6U95G8KUFH
VXKCWWW04K,EV19Z1ON8M
EF8EATIV0O,IV5HVKYR6U
BQ8ANWZ6Z10,WM7J2I710VX
QH1FY5N1F1,IU35BMKX5W
11MLCCIEC4,REBVO0T156
B08U3J1O25,WSPAXH89DI
A5W3PLZZI5,102810RMT4T
YJPZNQBD7Q,AO5FVKRJ12
3SKK7LC3TY,782NSJRJT9
IC2Z3CHBS8,BLEJ10YBZ3C
C7J3VSCAHV,I1FSW2X2FE
AG4J19YBHQ,8M3IEAQY310
8PLYLZHVJT,7Z1HW5T7I9
RQ6WUG2HS5,LEYO1QX610D
E10YZYX2HYY,HNUO7Q7O3U
RG99V78EM2,JTC4I10SW6A
RAF0OED1HY,W10XK0SEQSW
70R8FAUQNJ,WY9FPDHYRC
WV9FL64I87,MCXE5F6V46
WLA4F6UVHN,OVGF3YM9KP
NZNYGC5GPI,R2N1PRW0U5
MR2FQTHCKQ,WIVUNTHQLZ
WU101VZ2SXQ,T01146KK50
XWW1OYUF61,K07107YXCMH
LNH1YBHPZN,O30R3CAWKG
HNBDRR2ZTJ,V3OAJ5FOKW
625KSRXQ4U,UH102L3GW43
27YMRQKZ93,RAZIVS7X23
9YJR5XTG15,5F8S0VAFKC
83G03D6GYQ,UHC5EB0RRE
V0N4EOVT7G,CN6Y9LNGEG
1O6WK908CT,CE1Z61VFSR
E5TS4UPX3S,I18OD8CLT2
UUOQYXJMLH,SGPZ8YTM48
SYWWJ9L3UN,9102NBEY2RF
GVKY100FF9T,WIKTK1010AGZ
5CHJ60CTX6,KKQ10IDOSHX
UMYQZRXJTE,UMMCLIIR18
E0FGDNB83C,21F97NSBOD
UAOIZ5410AC,ZSSTRHQL07
QS5EFE3EQH,D2T5Y0J0YR
T7UBEYACQ4,JKD3QYWMG5
1PDL0LYK20,5M1HKTVQXX
J9LXGJU41T,E0QAFLJSNF
H10E8RSLNGB,UDRI2VPTGG
MZZY10ZIS2Y,ZD1SR9KA70
HBLRN9SKI7,N04B2EZ1010K
OW6D0XUKWI,6TP4AWNOFF
QBSDKOEFFN,L1MG8XSE7S
,
,
,
,
,
,
,
,
,
,
,
,
,
,
,
,
,
,
,
,
,
,
,
,
,
,
,
,
,
,
,
,
,
,
,
,
,
,
,
,
,
,
,
,
,
,
,
,
,
,
,
,
,
,
,
,
,
,
,
,
,
,
,
,
,
,
,
,
,
,
,
,
,
,
,
,
,
,
,
,
,
,
,
,
,
,
,
,
,
,
,
,
,
,
,
,
,
,
,
,
,
,
,
,
,
,
,
,
,
,
,
,
,
,
,
,
,
,
,
,
,
,
,
,
,
,
,
,
,
,
,
,
,
,
,
,
,
,
,
,
,
,
,
,
,
,
,
,
,
,
,
,
,
,
,
,
,
,
,
,
,
,
,
,
,
,
,
,
,
,
,
,
,
,
,
,
,
,
,
,
,
,
,
,
,
,
,
,
,
,
,
,
,
,
,
,
,
,
,
,
,
,
,
,
,
,
,
,
,
,
,
,
,
,
,
,
,
,
,
,
,
,
,
,
,
,
,
,
,
,
,
,
,
,
,
,
,
,
,
,
,
,
,
,
,
,
,
,
,
,
,
,
,
,
,
,
,
,
,
,
,
,
,
,
,
,
,
,
,
,
,
,
,
,
,
,
,
,
,
,
,
,
,
,
,
,
,
,
,
,
,
,
,
,
,
,
,
,
,
,
,
,
,
,
,
,
,
,
,
,
,
,
,
,
,
,
,
,
,
,
,
,
,
,
,
,
,
,
,
,
,
,
,
,
,
,
,
,
,
,
,
,
,
,
,
,
,
,
,
,
,
,
,
,
,
,
,
,
,
,
,
,
,
,
,
,
,
,
,
,
,
,
,
,
,
,
,
,
,
,
,
,
,
,
,
,
,
,
,
,
,
,
,
,
,
,
,
,
,
,
,
,
,
,
,
,
,
,
,
,
,
,
,
,
,
,
,
,
,
,
,
,
,
,
,
,
,
,
,
,
,
,
,
,
,
,
,
,
,
,
,
,
,
,
,
,
,
,
,
,
,
,
,
,
,
,
,
,
,
,
,
,
,
,
,
,
,
,
,
,
,
,
,
,
,
,
,
,
,
,
,
,
,
,
,
,
,
,
,
,
,
,
,
,
,
,
,
,
,
,
,
,
,
,
,
,
,
,
,
,
,
,
,
,
,
,
,
,
,
,
,
,
,
,
,
,
,
,
,
,
,
,
,
,
,
,
,
,
,
,
,
,
,
,
,
,
,
,
,
,
,
,
,
,
,
,
,
,
,
,
,
,
,
,
,
,
,
,
,
,
,
,
,
,
,
,
,
,
,
,
,
,
,
,
,
,
,
,
,
,
,
,
,
,
,
,
,
,
,
,
,
,
,
,
,
,
,
,
,
,
,
,
,
,
,
,
,
,
,
,
,
,
,
,
,
,
,
,
,
,
,
,
,
,
,
,
,
,
,
,
,
,
,
,
,
,
,
,
,
,
,
,
,
,
,
,
,
,
,
,
,
,
,
,
,
,
,
,
,
,
,
,
,
,
,
,
,
,
,
,
,
,
,
,
,
,
,
,
,
,
,
,
,
,
,
,
,
,
,
,
,
,
,
,
,
,
,
,
,
,
,
,
,
,
,
,
,
,
,
,
,
,
,
,
,
,
,
,
,
,
,
,
,
,
,
,
,
,
,
,
,
,
,
,
,
,
,
,
,
,
,
,
,
,
,
,
,
,
,
,
,
,
,
,
,
,
,
,
,
,
,
,
,
,
,
,
,
,
,
,
,
,
,
,
,
,
,
,
,
,
,
,
,
,
,
,
,
,
,
,
,
,
,
,
,
,
,
,
,
,
,
,
,
,
,
,
,
,
,
,
,
,
,
,
,
,
,
,
,
,
,
,
,
,
,
,
,
,
,
,
,
,
,
,
,
,
,
,
,
,
,
,
,
,
,
,
,
,
,
,
,
,
,
,
,
,
,
,
,
,
,
,
,
,
,
,
,
,
,
,
,
,
,
,
,
,
,
,
,
,
,
,
,
,
,
,
,
,
,
,
,
,
,
,
,
,
,
,
,
,
,
,
,
,
,
,
,
,
,
,
,
,
,
,
,
,
,
,
,
,
,
,
,
,
,
,
,
,
,
,
,
,
,
,
,
,
,
,
,
,
,
,
,
,
,
,
,
,
,
,
,
,
,
,
,
,
,
,
,
,
,
,
,
,
,
,
,
,
,
,
,
,
,
,
,
,
,
,
,
,
,
,
,
,
,
,
,
,
,
,
,
,
,
,
,
,
,
,
,
,
,
,
,
,
,
,
,
,
,
,
,
,
,
,
,
,
,
,
,
,
,
,
,
,
,
,
,
,
,
,
,
,
,
,
,
,
,
,
,
,
,
,
,
,
,
,
,
,
,
,
,
,
,
,
,
,
,
,
,
,
,
,
,
,
,
,
,
,
,
,
,
,
,
,
,
,
,
,
,
,
,
,
,
,
,
,
,
,
,
,
,
,
,
,
,
,
,
,
,
,
,
,
,
,
,
,
,
,
,
,
,
,
,
,
,
,
,
,
,
,
,
,
,
,
,
,
,
,
,
,
,
,
,
,
,
,
,
,
,
,
,
,
,
,
,
,
,
,
,
,
,
,
,
,
,
,
,
,
,
,
,
,
,
,
,
,
,
,
,
,
,
,
,
,
,
,
,
,
,
,
,
,
,
,
,
,
,
,
,
,
,
,
,
,
,
,
,
,
,
,
,
,
,
,
,
,
,
,
,
,
,
,
,
,
,
,
,
,
,
,
,
,
,
,
,
,
,
,
,
,
,
,
,
,
,
,
,
,
,
,
,
,
,
,
,
,
,
,
,
,
,
,
,
,
,
,
,
,
,
,
,
,
,
,
,
,
,
,
,
,
,
,
,
,
,
,
,
,
,
,
,
,
,
,
,
,
,
,
,
,
,
,
,
,
,
,
,
,
,
,
,
,
,
,
,
,
,
,
,
,
,
,
,
,
,
,
,
,
,
,
,
,
,
,
,
,
,
,
,
,
,
,
,
,
,
,
,
,
,
,
,
,
,
